,Name,AHA ID,Hospital ID,Address,City,State Name,State Abbrev,Zip Code,Latitude,Longitude,Search Location,Distance from Search Location,Phone,URL,Recognized in State,State Rank,Tied in State?,Region,Recognized in Region,Region Rank,Tied in Region?,Metro,Recognized in Metro,Metro Rank,Tied in Metro?,# of High Performing Adult Specialties,# of National Rankings (Adult),# of National Rankings (Pediatrics),Updated
0,AHN Jefferson Hospital-Jefferson Hills,6230979,6230979,565 Coal Valley Road,Jefferson Hills,Pennsylvania,PA,15025-3703,40.322558,-79.932856,"Pittsburgh, PA",,(412) 469-5000,https://health.usnews.com/best-hospitals/area/pa/jefferson-regional-medical-center-6230979,,,,,,,,"Pittsburgh, PA",False,,False,0,0,0,2026-04-11 12:40:52.029644
1,UPMC Presbyterian Shadyside,6230029,6230029,200 Lothrop Street,Pittsburgh,Pennsylvania,PA,15213-2536,40.441915,-79.960507,"Pittsburgh, PA",,(412) 647-2345,https://health.usnews.com/best-hospitals/area/pa/upmc-university-of-pittsburgh-medical-center-6230029,,,,,,,,"Pittsburgh, PA",True,1.0,False,3,9,0,2026-04-11 12:40:52.029644
2,AHN Allegheny General Hospital,6230041,6230041,320 East North Avenue,Pittsburgh,Pennsylvania,PA,15212-4756,40.456532,-80.002592,"Pittsburgh, PA",,(412) 359-3131,https://health.usnews.com/best-hospitals/area/pa/allegheny-general-hospital-6230041,,,,,,,,"Pittsburgh, PA",True,2.0,False,0,0,0,2026-04-11 12:40:52.029644
3,UPMC Passavant,6232540,6232540,9100 Babcock Boulevard,Pittsburgh,Pennsylvania,PA,15237-5815,40.572411,-80.016507,"Pittsburgh, PA",,(412) 367-6700,https://health.usnews.com/best-hospitals/area/pa/upmc-passavant-6232540,,,,,,,,"Pittsburgh, PA",True,3.0,False,0,0,0,2026-04-11 12:40:52.029644
4,AHN Forbes Hospital,6232551,6232551,2570 Haymaker Road,Monroeville,Pennsylvania,PA,15146-3513,40.428971,-79.748075,"Pittsburgh, PA",,(412) 858-2000,https://health.usnews.com/best-hospitals/area/pa/forbes-regional-hospital-6232551,,,,,,,,"Pittsburgh, PA",True,4.0,False,0,0,0,2026-04-11 12:40:52.029644
5,St. Clair Hospital,6232575,6232575,1000 Bower Hill Road,Pittsburgh,Pennsylvania,PA,15243-1873,40.377822,-80.065892,"Pittsburgh, PA",,(412) 942-4000,https://health.usnews.com/best-hospitals/area/pa/st-clair-hospital-6232575,,,,,,,,"Pittsburgh, PA",True,5.0,False,0,0,0,2026-04-11 12:40:52.029644
6,Independence Health System Westmoreland Hospital,6230840,6230840,532 West Pittsburgh Street,Greensburg,Pennsylvania,PA,15601-2282,40.301033,-79.5550515,"Pittsburgh, PA",,(724) 832-4000,https://health.usnews.com/best-hospitals/area/pa/excela-westmoreland-hospital-6230840,,,,,,,,"Pittsburgh, PA",True,6.0,False,0,0,0,2026-04-11 12:40:52.029644
7,ACMH Hospital,6231100,6231100,One Nolte Drive,Kittanning,Pennsylvania,PA,16201-7111,40.808716,-79.5604253,"Pittsburgh, PA",,(724) 543-8500,https://health.usnews.com/best-hospitals/area/pa/acmh-hospital-6231100,,,,,,,,"Pittsburgh, PA",False,,False,0,0,0,2026-04-11 12:40:52.029644
8,Advanced Surgical Hospital,6230505,6230505,100 Trich Drive Suite 1,Washington,Pennsylvania,PA,15301-5990,,,"Pittsburgh, PA",,(724) 884-0710,https://health.usnews.com/best-hospitals/area/pa/advanced-surgical-hospital-6230505,,,,,,,,"Pittsburgh, PA",False,,False,0,0,0,2026-04-11 12:40:52.029644
9,AHN Allegheny Valley Hospital,6233220,6233220,1301 Carlisle Street,Natrona Heights,Pennsylvania,PA,15065-1152,40.618767,-79.736921,"Pittsburgh, PA",,(724) 224-5100,https://health.usnews.com/best-hospitals/area/pa/alle-kiski-medical-center-6233220,,,,,,,,"Pittsburgh, PA",False,,False,0,0,0,2026-04-11 12:40:52.029644
10,AHN Hempfield Neighborhood Hospital,6230589,6230589,6321 State Route 30,Greensburg,Pennsylvania,PA,15601-9703,,,"Pittsburgh, PA",,(878) 295-4735,https://health.usnews.com/best-hospitals/area/pa/ahn-hempfield-neighborhood-hospital-6230589,,,,,,,,"Pittsburgh, PA",False,,False,0,0,0,2026-04-11 12:40:52.029644
12,AHN West Penn Hospital,6232690,6232690,4800 Friendship Avenue,Pittsburgh,Pennsylvania,PA,15224-1722,40.461397,-79.946369,"Pittsburgh, PA",,(412) 578-5000,https://health.usnews.com/best-hospitals/area/pa/western-pennsylvania-hospital-6232690,,,,,,,,"Pittsburgh, PA",False,,False,0,1,0,2026-04-11 12:40:52.029644
13,AHN Wexford Hospital,6230602,6230602,12351 Perry Highway,Wexford,Pennsylvania,PA,15090-8344,,,"Pittsburgh, PA",,(724) 939-3673,https://health.usnews.com/best-hospitals/area/pa/ahn-wexford-hospital-6230602,,,,,,,,"Pittsburgh, PA",False,,False,0,0,0,2026-04-11 12:40:52.029644
14,Canonsburg Hospital,6230310,6230310,100 Medical Boulevard,Canonsburg,Pennsylvania,PA,15317-9762,40.2456908,-80.1911743,"Pittsburgh, PA",,(724) 745-6100,https://health.usnews.com/best-hospitals/area/pa/canonsburg-general-hospital-6230310,,,,,,,,"Pittsburgh, PA",False,,False,0,0,0,2026-04-11 12:40:52.029644
15,Children's Home of Pittsburgh,6232435,6232435,5324 Penn Avenue,Pittsburgh,Pennsylvania,PA,15224-1733,40.464078,-79.937488,"Pittsburgh, PA",,(412) 441-4884,https://health.usnews.com/best-hospitals/area/pa/the-childrens-home-of-pittsburgh-6232435,,,,,,,,"Pittsburgh, PA",False,,False,0,0,0,2026-04-11 12:40:52.029644
16,Children's Institute of Pittsburgh,6232505,6232505,1405 Shady Avenue,Pittsburgh,Pennsylvania,PA,15217-1350,40.4432334,-79.9202559,"Pittsburgh, PA",,(412) 420-2400,https://health.usnews.com/best-hospitals/area/pa/the-childrens-institute-of-pittsburgh-6232505,,,,,,,,"Pittsburgh, PA",False,,False,0,0,0,2026-04-11 12:40:52.029644
17,Encompass Health Rehabilitation Hospital of Harmerville,6230890,6230890,320 Guys Run Road,Pittsburgh,Pennsylvania,PA,15238-0460,40.556896,-79.866065,"Pittsburgh, PA",,(412) 828-1300,https://health.usnews.com/best-hospitals/area/pa/healthsouth-harmarville-rehabilitation-hospital-6230890,,,,,,,,"Pittsburgh, PA",False,,False,0,0,0,2026-04-11 12:40:52.029644
18,Encompass Health Rehabilitation Hospital of Sewickley,6231200,6231200,351 Camp Meeting Road,Sewickley,Pennsylvania,PA,15143-8322,,,"Pittsburgh, PA",,(412) 741-9500,https://health.usnews.com/best-hospitals/area/pa/healthsouth-rehabilitation-hospital-6231200,,,,,,,,"Pittsburgh, PA",False,,False,0,0,0,2026-04-11 12:40:52.029644
19,Heritage Valley Health System-Beaver,6230100,6230100,1000 Dutch Ridge Road,Beaver,Pennsylvania,PA,15009-9727,40.7126384,-80.3200793,"Pittsburgh, PA",,(724) 728-7000,https://health.usnews.com/best-hospitals/area/pa/heritage-valley-beaver-6230100,,,,,,,,"Pittsburgh, PA",False,,False,0,0,0,2026-04-11 12:40:52.029644
20,Heritage Valley Sewickley Hospital,6233100,6233100,720 Blackburn Road,Sewickley,Pennsylvania,PA,15143-1459,40.5434539,-80.177601,"Pittsburgh, PA",,(412) 741-6600,https://health.usnews.com/best-hospitals/area/pa/heritage-valley-sewickley-6233100,,,,,,,,"Pittsburgh, PA",False,,False,0,0,0,2026-04-11 12:40:52.029644
21,Independence Health System Butler Memorial Hospital,6230270,6230270,1 Hospital Way,Butler,Pennsylvania,PA,16001-4697,40.866902,-79.880632,"Pittsburgh, PA",,(724) 283-6666,https://health.usnews.com/best-hospitals/area/pa/butler-hospital-6230270,,,,,,,,"Pittsburgh, PA",False,,False,0,0,0,2026-04-11 12:40:52.029644
22,Independence Health System Frick Hospital,6231470,6231470,508 South Church Street,Mount Pleasant,Pennsylvania,PA,15666-1790,40.145263,-79.549922,"Pittsburgh, PA",,(724) 547-1500,https://health.usnews.com/best-hospitals/area/pa/excela-frick-hospital-6231470,,,,,,,,"Pittsburgh, PA",False,,False,0,0,0,2026-04-11 12:40:52.029644
23,Independence Health System Latrobe Hospital,6231160,6231160,One Mellon Way,Latrobe,Pennsylvania,PA,15650-1096,40.320998,-79.394584,"Pittsburgh, PA",,(724) 537-1000,https://health.usnews.com/best-hospitals/area/pa/excela-latrobe-hospital-6231160,,,,,,,,"Pittsburgh, PA",False,,False,0,0,0,2026-04-11 12:40:52.029644
24,Ohio Valley Hospital,6231340,6231340,25 Heckel Road,McKees Rocks,Pennsylvania,PA,15136-1694,40.4716,-80.091555,"Pittsburgh, PA",,(412) 777-6161,https://health.usnews.com/best-hospitals/area/pa/ohio-valley-general-hospital-6231340,,,,,,,,"Pittsburgh, PA",False,,False,0,0,0,2026-04-11 12:40:52.029644
25,PAM Health Specialty Hospital of Heritage Valley,6230067,6230067,1000 Dutch Ridge Road,Beaver,Pennsylvania,PA,15009-9727,40.7126384,-80.3200793,"Pittsburgh, PA",,(724) 773-8480,https://health.usnews.com/best-hospitals/area/pa/kindred-hospital-heritage-valley-6230067,,,,,,,,"Pittsburgh, PA",False,,False,0,0,0,2026-04-11 12:40:52.029644
26,PAM Health Specialty Hospital of Pittsburgh,6230044,6230044,7777 Steubenville Pike,Oakdale,Pennsylvania,PA,15071-3409,40.439179,-80.208291,"Pittsburgh, PA",,(412) 494-5500,https://health.usnews.com/best-hospitals/area/pa/kindred-hospital-pittsburgh-6230044,,,,,,,,"Pittsburgh, PA",False,,False,0,0,0,2026-04-11 12:40:52.029644
27,Penn Highlands Connellsville Hospital,6230500,6230500,401 East Murphy Avenue,Connellsville,Pennsylvania,PA,15425-2700,40.022968,-79.586136,"Pittsburgh, PA",,(724) 628-1500,https://health.usnews.com/best-hospitals/area/pa/highlands-hospital-6230500,,,,,,,,"Pittsburgh, PA",False,,False,0,0,0,2026-04-11 12:40:52.029644
28,Penn Highlands Mon Valley Hospital,6230370,6230370,"1163 Country Club Road, Route 88",Monongahela,Pennsylvania,PA,15063-1095,40.1829383,-79.9164673,"Pittsburgh, PA",,(724) 258-1000,https://health.usnews.com/best-hospitals/area/pa/monongahela-valley-hospital-6230370,,,,,,,,"Pittsburgh, PA",False,,False,0,0,0,2026-04-11 12:40:52.029644
29,Select Specialty Hospital-Laurel Highlands,6230074,6230074,"One Mellon Way, 3rd Floor",Latrobe,Pennsylvania,PA,15650-1197,40.320998,-79.394584,"Pittsburgh, PA",,(724) 539-3230,https://health.usnews.com/best-hospitals/area/pa/select-specialty-hospital-laurel-highlands-6230074,,,,,,,,"Pittsburgh, PA",False,,False,0,0,0,2026-04-11 12:40:52.029644
30,Select Specialty Hospital-McKeesport,6230079,6230079,1500 Fifth Avenue,McKeesport,Pennsylvania,PA,15132-2422,40.351355,-79.849527,"Pittsburgh, PA",,(412) 664-2900,https://health.usnews.com/best-hospitals/area/pa/select-specialty-hospital-mckeesport-6230079,,,,,,,,"Pittsburgh, PA",False,,False,0,0,0,2026-04-11 12:40:52.029644
31,Select Specialty Hospital-Pittsburgh-UPMC,6230078,6230078,"200 Lothrop Street, E824",Pittsburgh,Pennsylvania,PA,15213-2536,40.4419009,-79.9604392,"Pittsburgh, PA",,(412) 586-9800,https://health.usnews.com/best-hospitals/area/pa/select-specialty-hospital-pittsburghupmc-6230078,,,,,,,,"Pittsburgh, PA",False,,False,0,0,0,2026-04-11 12:40:52.029644
32,Southwood Psychiatric Hospital,6233535,6233535,2575 Boyce Plaza Road,Pittsburgh,Pennsylvania,PA,15241-3925,40.321061,-80.113022,"Pittsburgh, PA",,(412) 257-2290,https://health.usnews.com/best-hospitals/area/pa/southwood-psychiatric-hospital-6233535,,,,,,,,"Pittsburgh, PA",False,,False,0,0,0,2026-04-11 12:40:52.029644
33,Torrance State Hospital,6233250,6233250,Torrance Road,Torrance,Pennsylvania,PA,15779-0111,40.4166909,-79.2284137,"Pittsburgh, PA",,(724) 459-8000,https://health.usnews.com/best-hospitals/area/pa/torrance-state-hospital-6233250,,,,,,,,"Pittsburgh, PA",False,,False,0,0,0,2026-04-11 12:40:52.029644
34,UPMC Children's Hospital of Pittsburgh,6232430,6232430,4401 Penn Ave.,Pittsburgh,Pennsylvania,PA,15224,40.4664556,-79.9536244,"Pittsburgh, PA",,(412) 692-5325,https://health.usnews.com/best-hospitals/area/pa/childrens-hospital-of-pittsburgh-of-upmc-6232430,,,,,,,,"Pittsburgh, PA",False,,False,0,0,11,2026-04-11 12:40:52.029644
35,UPMC East,6230517,6230517,2775 Mosside Boulevard,Monroeville,Pennsylvania,PA,15146-2760,,,"Pittsburgh, PA",,,https://health.usnews.com/best-hospitals/area/pa/upmc-east-6230517,,,,,,,,"Pittsburgh, PA",False,,False,0,0,0,2026-04-11 12:40:52.029644
36,UPMC Greene,6233370,6233370,350 Bonar Avenue,Waynesburg,Pennsylvania,PA,15370-1608,39.9005824,-80.1739289,"Pittsburgh, PA",,(724) 627-3101,https://health.usnews.com/best-hospitals/area/pa/southwest-regional-medical-center-6233370,,,,,,,,"Pittsburgh, PA",False,,False,0,0,0,2026-04-11 12:40:52.029644
37,UPMC Magee-Womens Hospital,6232460,6232460,300 Halket Street,Pittsburgh,Pennsylvania,PA,15213-3108,40.436736,-79.960188,"Pittsburgh, PA",,(412) 641-1000,https://health.usnews.com/best-hospitals/area/pa/magee-womens-hospital-of-upmc-6232460,,,,,,,,"Pittsburgh, PA",False,,False,0,1,0,2026-04-11 12:40:52.029644
38,UPMC McKeesport,6231330,6231330,1500 Fifth Avenue,McKeesport,Pennsylvania,PA,15132-2422,40.351355,-79.849527,"Pittsburgh, PA",,(412) 664-2000,https://health.usnews.com/best-hospitals/area/pa/upmc-mckeesport-6231330,,,,,,,,"Pittsburgh, PA",False,,False,0,0,0,2026-04-11 12:40:52.029644
39,UPMC Mercy,6232510,6232510,1400 Locust Street,Pittsburgh,Pennsylvania,PA,15219-5166,40.436299,-79.985447,"Pittsburgh, PA",,(412) 232-8111,https://health.usnews.com/best-hospitals/area/pa/upmc-mercy-6232510,,,,,,,,"Pittsburgh, PA",False,,False,0,1,0,2026-04-11 12:40:52.029644
40,UPMC St. Margaret,6232610,6232610,815 Freeport Road,Pittsburgh,Pennsylvania,PA,15215-3301,40.489279,-79.895965,"Pittsburgh, PA",,(412) 784-4000,https://health.usnews.com/best-hospitals/area/pa/upmc-st-margaret-6232610,,,,,,,,"Pittsburgh, PA",False,,False,0,0,0,2026-04-11 12:40:52.029644
41,UPMC Washington,6233320,6233320,155 Wilson Avenue,Washington,Pennsylvania,PA,15301-3398,40.1830178,-80.2476498,"Pittsburgh, PA",,(724) 225-7000,https://health.usnews.com/best-hospitals/area/pa/washington-hospital-6233320,,,,,,,,"Pittsburgh, PA",False,,False,0,0,0,2026-04-11 12:40:52.029644
42,Veterans Affairs Pittsburgh Healthcare System,6230047,6230047,University Drive,Pittsburgh,Pennsylvania,PA,15240-1001,40.445052,-79.960964,"Pittsburgh, PA",,(412) 688-6000,https://health.usnews.com/best-hospitals/area/pa/veterans-affairs-pittsburgh-healthcare-system-6230047,,,,,,,,"Pittsburgh, PA",False,,False,0,0,0,2026-04-11 12:40:52.029644
43,WVU Medicine Uniontown Hospital,6233280,6233280,500 West Berkeley Street,Uniontown,Pennsylvania,PA,15401-5596,39.901797,-79.738542,"Pittsburgh, PA",,(724) 430-5000,https://health.usnews.com/best-hospitals/area/pa/uniontown-hospital-6233280,,,,,,,,"Pittsburgh, PA",False,,False,0,0,0,2026-04-11 12:40:52.029644
