,Name (Specialty),AHA ID,Hospital ID,Specialty ID,Specialty Score,Specialty Ranking,Specialty Ranking Tied?,Specialty Ranking Revoked?,Specialty Ranking Type,Updated
0,University of Texas MD Anderson Cancer Center,6741945,6741945,IHQCANC,100.0/100,1.0,False,False,adult,2026-04-11 12:35:56.196221
1,Memorial Sloan Kettering Cancer Center,6213060,6213060,IHQCANC,91.1/100,2.0,False,False,adult,2026-04-11 12:35:56.196221
2,Dana-Farber Brigham Cancer Center,6140583,6140583,IHQCANC,83.2/100,3.0,False,False,adult,2026-04-11 12:35:56.196221
3,Mayo Clinic,6610451,6610451,IHQCANC,82.4/100,4.0,False,False,adult,2026-04-11 12:35:56.196221
4,Massachusetts General Hospital,6140430,6140430,IHQCANC,78.2/100,5.0,False,False,adult,2026-04-11 12:35:56.196221
5,Mount Sinai Hospital,6213140,6213140,IHQCANC,78.1/100,6.0,False,False,adult,2026-04-11 12:35:56.196221
6,UCSF Health-UCSF Medical Center,6930043,6930043,IHQCANC,78.0/100,7.0,False,False,adult,2026-04-11 12:35:56.196221
7,Johns Hopkins Hospital,6320180,6320180,IHQCANC,77.8/100,8.0,False,False,adult,2026-04-11 12:35:56.196221
8,Stanford Health Care-Stanford Hospital,6932330,6932330,IHQCANC,76.7/100,9.0,False,False,adult,2026-04-11 12:35:56.196221
9,City of Hope Comprehensive Cancer Center,6930590,6930590,IHQCANC,76.4/100,10.0,True,False,adult,2026-04-11 12:35:56.196221
10,Hospitals of the University of Pennsylvania-Penn Presbyterian,6231900,6231900,IHQCANC,76.4/100,10.0,True,False,adult,2026-04-11 12:35:56.196221
11,University of Chicago Medical Center,6431210,6431210,IHQCANC,75.6/100,12.0,False,False,adult,2026-04-11 12:35:56.196221
12,UCLA Medical Center,6931755,6931755,IHQCANC,74.1/100,13.0,False,False,adult,2026-04-11 12:35:56.196221
13,Cleveland Clinic,6410670,6410670,IHQCANC,73.3/100,14.0,False,False,adult,2026-04-11 12:35:56.196221
14,New York-Presbyterian Hospital-Columbia and Cornell,6210024,6210024,IHQCANC,72.9/100,15.0,False,False,adult,2026-04-11 12:35:56.196221
15,Perlmutter Cancer Center at NYU Langone Hospitals,6212925,6212925,IHQCANC,72.5/100,16.0,False,False,adult,2026-04-11 12:35:56.196221
16,Northwestern Medicine-Northwestern Memorial Hospital,6430545,6430545,IHQCANC,72.4/100,17.0,False,False,adult,2026-04-11 12:35:56.196221
17,Cedars-Sinai Medical Center,6930444,6930444,IHQCANC,71.9/100,18.0,False,False,adult,2026-04-11 12:35:56.196221
18,Houston Methodist Hospital,6741960,6741960,IHQCANC,71.7/100,19.0,False,False,adult,2026-04-11 12:35:56.196221
19,UT Southwestern Medical Center,6740343,6740343,IHQCANC,70.1/100,20.0,False,False,adult,2026-04-11 12:35:56.196221
20,Mayo Clinic-Arizona,6860019,6860019,IHQCANC,69.4/100,21.0,False,False,adult,2026-04-11 12:35:56.196221
21,Beth Israel Deaconess Medical Center,6140013,6140013,IHQCANC,69.2/100,22.0,False,False,adult,2026-04-11 12:35:56.196221
22,H. Lee Moffitt Cancer Center and Research Institute,6391069,6391069,IHQCANC,69.1/100,23.0,False,False,adult,2026-04-11 12:35:56.196221
23,Mayo Clinic-Florida,6390380,6390380,IHQCANC,68.6/100,24.0,False,False,adult,2026-04-11 12:35:56.196221
24,USC Norris Cancer Hospital-Keck Medical Center of USC,6931585,6931585,IHQCANC,67.4/100,25.0,False,False,adult,2026-04-11 12:35:56.196221
25,Montefiore Einstein,6213100,6213100,IHQCANC,67.2/100,26.0,False,False,adult,2026-04-11 12:35:56.196221
26,OHSU Hospital-Knight Cancer Institute,6920570,6920570,IHQCANC,67.0/100,27.0,True,False,adult,2026-04-11 12:35:56.196221
27,Siteman Cancer Center at Barnes-Jewish Hospital,6630930,6630930,IHQCANC,67.0/100,27.0,True,False,adult,2026-04-11 12:35:56.196221
28,Rush University Medical Center,6430985,6430985,IHQCANC,65.3/100,29.0,False,False,adult,2026-04-11 12:35:56.196221
29,AdventHealth Orlando,6390690,6390690,IHQCANC,64.8/100,30.0,True,False,adult,2026-04-11 12:35:56.196221
30,Roswell Park Comprehensive Cancer Center,6211120,6211120,IHQCANC,64.8/100,30.0,True,False,adult,2026-04-11 12:35:56.196221
31,University of Michigan Health Rogel Cancer Center,6440110,6440110,IHQCANC,64.6/100,32.0,False,False,adult,2026-04-11 12:35:56.196221
32,UPMC Presbyterian Shadyside,6230029,6230029,IHQCANC,64.5/100,33.0,False,False,adult,2026-04-11 12:35:56.196221
33,North Shore University Hospital at Northwell Health,6212357,6212357,IHQCANC,63.9/100,34.0,False,False,adult,2026-04-11 12:35:56.196221
34,Duke University Hospital,6360355,6360355,IHQCANC,63.5/100,35.0,True,False,adult,2026-04-11 12:35:56.196221
35,Ohio State University James Cancer Hospital,6410008,6410008,IHQCANC,63.5/100,35.0,True,False,adult,2026-04-11 12:35:56.196221
36,Fred Hutchinson Cancer Center/University of Washington Medical Center,6910011,6910011,IHQCANC,63.2/100,37.0,True,False,adult,2026-04-11 12:35:56.196221
37,Hackensack University Medical Center at Hackensack Meridian Health,6220340,6220340,IHQCANC,63.2/100,37.0,True,False,adult,2026-04-11 12:35:56.196221
38,UF Health Shands Hospital,6390283,6390283,IHQCANC,62.9/100,39.0,False,False,adult,2026-04-11 12:35:56.196221
39,University of Colorado Cancer Center-UCHealth University of Colorado Hospital,6840430,6840430,IHQCANC,62.1/100,40.0,False,False,adult,2026-04-11 12:35:56.196221
40,UC San Diego Health-Moores Cancer Center,6932820,6932820,IHQCANC,62.0/100,41.0,False,False,adult,2026-04-11 12:35:56.196221
41,University of Iowa Health Care Medical Center,6620765,6620765,IHQCANC,61.7/100,42.0,False,False,adult,2026-04-11 12:35:56.196221
42,Smilow Cancer Hospital at Yale New Haven,6160400,6160400,IHQCANC,61.5/100,43.0,False,False,adult,2026-04-11 12:35:56.196221
43,Baylor University Medical Center,6740900,6740900,IHQCANC,61.2/100,44.0,False,False,adult,2026-04-11 12:35:56.196221
44,Sylvester Comprehensive Cancer Center-University of Miami Hospital and Clinics,6390610,6390610,IHQCANC,61.1/100,45.0,True,False,adult,2026-04-11 12:35:56.196221
45,University of Maryland Medical Center,6320330,6320330,IHQCANC,61.1/100,45.0,True,False,adult,2026-04-11 12:35:56.196221
46,Vanderbilt University Medical Center,6521060,6521060,IHQCANC,60.8/100,47.0,False,False,adult,2026-04-11 12:35:56.196221
47,UNC Hospitals,6360260,6360260,IHQCANC,60.7/100,48.0,True,False,adult,2026-04-11 12:35:56.196221
48,University Hospitals Seidman Cancer Center,6410920,6410920,IHQCANC,60.7/100,48.0,True,False,adult,2026-04-11 12:35:56.196221
49,University of Kansas Hospital,6670510,6670510,IHQCANC,60.5/100,50.0,False,False,adult,2026-04-11 12:35:56.196221
50,Fox Chase Cancer Center,6231660,6231660,IHQCANC,60.4/100,,,,adult,2026-04-11 12:35:56.196221
51,Emory University Hospital,6380570,6380570,IHQCANC,60.3/100,,,,adult,2026-04-11 12:35:56.196221
52,University of Alabama at Birmingham Hospital,6530304,6530304,IHQCANC,60.2/100,,,,adult,2026-04-11 12:35:56.196221
53,University of Kentucky Markey Cancer Center,6510455,6510455,IHQCANC,59.7/100,,,,adult,2026-04-11 12:35:56.196221
54,Fred & Pamela Buffett Cancer Center,6660005,6660005,IHQCANC,59.6/100,,,,adult,2026-04-11 12:35:56.196221
55,UC Davis Medical Center,6932680,6932680,IHQCANC,59.5/100,,,,adult,2026-04-11 12:35:56.196221
56,UW Health University Hospital,6450820,6450820,IHQCANC,59.5/100,,,,adult,2026-04-11 12:35:56.196221
57,Baptist Health Miami Cancer Institute at Baptist Hospital,6390578,6390578,IHQCANC,59.4/100,,,,adult,2026-04-11 12:35:56.196221
58,M Health Fairview University of Minnesota Medical Center,6610004,6610004,IHQCANC,59.4/100,,,,adult,2026-04-11 12:35:56.196221
59,UC Irvine Medical Center,6932290,6932290,IHQCANC,59.2/100,,,,adult,2026-04-11 12:35:56.196221
60,Northside Hospital Atlanta,6380171,6380171,IHQCANC,58.9/100,,,,adult,2026-04-11 12:35:56.196221
61,Tampa General Hospital,6391060,6391060,IHQCANC,58.9/100,,,,adult,2026-04-11 12:35:56.196221
62,Advocate Christ Medical Center,6432413,6432413,IHQCANC,58.4/100,,,,adult,2026-04-11 12:35:56.196221
63,The Jack & Sheryl Morris Cancer Center/Rutgers Cancer Institute at  Robert Wood Johnson University Hospital,6220920,6220920,IHQCANC,58.0/100,,,,adult,2026-04-11 12:35:56.196221
64,Corewell Health William Beaumont University Hospital,6442245,6442245,IHQCANC,57.9/100,,,,adult,2026-04-11 12:35:56.196221
65,Indiana University Health Medical Center,6420020,6420020,IHQCANC,57.5/100,,,,adult,2026-04-11 12:35:56.196221
66,Hollings Cancer Center at MUSC University Medical Center,6370085,6370085,IHQCANC,57.3/100,,,,adult,2026-04-11 12:35:56.196221
67,Long Island Jewish Medical Center at Northwell Health,6211680,6211680,IHQCANC,57.1/100,,,,adult,2026-04-11 12:35:56.196221
68,Dan L Duncan Comprehensive Cancer Center at Baylor St. Luke’s Medical Center,6742005,6742005,IHQCANC,56.6/100,,,,adult,2026-04-11 12:35:56.196221
69,Medical City Dallas,6741025,6741025,IHQCANC,56.3/100,,,,adult,2026-04-11 12:35:56.196221
70,Scripps La Jolla Hospitals,6931130,6931130,IHQCANC,56.3/100,,,,adult,2026-04-11 12:35:56.196221
71,Orlando Health-Orlando Regional Medical Center,6390695,6390695,IHQCANC,55.9/100,,,,adult,2026-04-11 12:35:56.196221
72,Henry Ford Hospital,6440650,6440650,IHQCANC,55.6/100,,,,adult,2026-04-11 12:35:56.196221
73,Lenox Hill Hospital at Northwell Health,6212990,6212990,IHQCANC,55.6/100,,,,adult,2026-04-11 12:35:56.196221
74,Banner-University Medical Center Tucson,6860516,6860516,IHQCANC,55.2/100,,,,adult,2026-04-11 12:35:56.196221
75,Froedtert Hospital and the Medical College of Wisconsin,6452115,6452115,IHQCANC,55.2/100,,,,adult,2026-04-11 12:35:56.196221
76,Levine Cancer Institute,6360280,6360280,IHQCANC,55.2/100,,,,adult,2026-04-11 12:35:56.196221
77,MedStar Georgetown University Hospital,6330130,6330130,IHQCANC,55.1/100,,,,adult,2026-04-11 12:35:56.196221
78,VCU Medical Center,6340860,6340860,IHQCANC,55.1/100,,,,adult,2026-04-11 12:35:56.196221
79,Thomas Jefferson University Hospitals-Sidney Kimmel Comprehensive Cancer Center-Jefferson Health,6230043,6230043,IHQCANC,55.0/100,,,,adult,2026-04-11 12:35:56.196221
80,Advocate Lutheran General Hospital,6430405,6430405,IHQCANC,54.9/100,,,,adult,2026-04-11 12:35:56.196221
81,Huntington Health Medical Center-Pasadena,6932350,6932350,IHQCANC,54.4/100,,,,adult,2026-04-11 12:35:56.196221
82,UAMS Medical Center,6710440,6710440,IHQCANC,54.3/100,,,,adult,2026-04-11 12:35:56.196221
83,Aurora St. Luke's Medical Center,6450017,6450017,IHQCANC,54.0/100,,,,adult,2026-04-11 12:35:56.196221
84,Boston Medical Center,6140010,6140010,IHQCANC,54.0/100,,,,adult,2026-04-11 12:35:56.196221
85,University of Virginia Medical Center,6344000,6344000,IHQCANC,53.9/100,,,,adult,2026-04-11 12:35:56.196221
86,Penn State Health Milton S. Hershey Medical Center,6230705,6230705,IHQCANC,53.8/100,,,,adult,2026-04-11 12:35:56.196221
87,Huntsman Cancer Institute at the University of Utah,6870315,6870315,IHQCANC,53.1/100,,,,adult,2026-04-11 12:35:56.196221
88,WVU Cancer Institute,6350007,6350007,IHQCANC,53.0/100,,,,adult,2026-04-11 12:35:56.196221
89,Tufts Medical Center,6140465,6140465,IHQCANC,52.8/100,,,,adult,2026-04-11 12:35:56.196221
90,Banner Gateway Medical Center,6860043,6860043,IHQCANC,52.7/100,,,,adult,2026-04-11 12:35:56.196221
91,Torrance Memorial Medical Center,6933679,6933679,IHQCANC,52.6/100,,,,adult,2026-04-11 12:35:56.196221
92,HCA HealthONE Presbyterian St. Luke's,6840365,6840365,IHQCANC,52.3/100,,,,adult,2026-04-11 12:35:56.196221
93,Memorial Hermann Hospital,6741890,6741890,IHQCANC,52.1/100,,,,adult,2026-04-11 12:35:56.196221
94,Baylor Scott and White All Saints Medical Center-Fort Worth,6741390,6741390,IHQCANC,52.0/100,,,,adult,2026-04-11 12:35:56.196221
95,MemorialCare Long Beach Medical Center,6931370,6931370,IHQCANC,51.2/100,,,,adult,2026-04-11 12:35:56.196221
96,Emory University Hospital Midtown,6380080,6380080,IHQCANC,51.0/100,,,,adult,2026-04-11 12:35:56.196221
97,Queen's Medical Center,6950380,6950380,IHQCANC,50.9/100,,,,adult,2026-04-11 12:35:56.196221
98,MedStar Washington Hospital Center,6330120,6330120,IHQCANC,50.8/100,,,,adult,2026-04-11 12:35:56.196221
99,Stony Brook University Hospital,6214775,6214775,IHQCANC,50.3/100,,,,adult,2026-04-11 12:35:56.196221
100,AHN West Penn Hospital,6232690,6232690,IHQCANC,50.2/100,,,,adult,2026-04-11 12:35:56.196221
101,Sentara Norfolk General Hospital,6340620,6340620,IHQCANC,50.2/100,,,,adult,2026-04-11 12:35:56.196221
102,Inova Fairfax Hospital,6340490,6340490,IHQCANC,49.7/100,,,,adult,2026-04-11 12:35:56.196221
103,Jersey Shore University Medical Center at Hackensack Meridian Health,6220740,6220740,IHQCANC,49.6/100,,,,adult,2026-04-11 12:35:56.196221
104,Temple University Hospital,6232300,6232300,IHQCANC,49.6/100,,,,adult,2026-04-11 12:35:56.196221
105,Morristown Medical Center Atlantic Health System,6220680,6220680,IHQCANC,49.5/100,,,,adult,2026-04-11 12:35:56.196221
106,Mount Sinai Morningside and Mount Sinai West Hospitals,6213335,6213335,IHQCANC,49.5/100,,,,adult,2026-04-11 12:35:56.196221
107,Pennsylvania Hospital,6230022,6230022,IHQCANC,49.5/100,,,,adult,2026-04-11 12:35:56.196221
108,Houston Methodist Sugar Land Hospital,6740138,6740138,IHQCANC,49.4/100,,,,adult,2026-04-11 12:35:56.196221
109,Dartmouth Hitchcock Medical Center,6120170,6120170,IHQCANC,49.3/100,,,,adult,2026-04-11 12:35:56.196221
110,Loyola University Medical Center,6430841,6430841,IHQCANC,49.3/100,,,,adult,2026-04-11 12:35:56.196221
111,Sharp Memorial Hospital,6932785,6932785,IHQCANC,49.3/100,,,,adult,2026-04-11 12:35:56.196221
112,St. Francis Hospital & Heart Center,6214410,6214410,IHQCANC,49.3/100,,,,adult,2026-04-11 12:35:56.196221
113,Loma Linda University Medical Center,6930053,6930053,IHQCANC,49.0/100,,,,adult,2026-04-11 12:35:56.196221
114,Banner-University Medical Center Phoenix,6860250,6860250,IHQCANC,48.6/100,,,,adult,2026-04-11 12:35:56.196221
115,Houston Methodist Willowbrook Hospital,6740204,6740204,IHQCANC,48.6/100,,,,adult,2026-04-11 12:35:56.196221
116,Huntington Hospital at Northwell Health,6211880,6211880,IHQCANC,48.6/100,,,,adult,2026-04-11 12:35:56.196221
117,Hoag Memorial Hospital Presbyterian,6932115,6932115,IHQCANC,48.4/100,,,,adult,2026-04-11 12:35:56.196221
118,Sanford Medical Center Fargo,6640180,6640180,IHQCANC,48.3/100,,,,adult,2026-04-11 12:35:56.196221
119,Advocate Illinois Masonic Medical Center,6430024,6430024,IHQCANC,48.1/100,,,,adult,2026-04-11 12:35:56.196221
120,Endeavor Health NorthShore Hospitals,6430021,6430021,IHQCANC,48.1/100,,,,adult,2026-04-11 12:35:56.196221
121,Good Samaritan Hospital-Cincinnati,6410490,6410490,IHQCANC,48.0/100,,,,adult,2026-04-11 12:35:56.196221
122,Ochsner Medical Center,6720631,6720631,IHQCANC,47.8/100,,,,adult,2026-04-11 12:35:56.196221
123,Lahey Hospital and Medical Center,6140690,6140690,IHQCANC,47.7/100,,,,adult,2026-04-11 12:35:56.196221
124,Emory St. Joseph's Hospital,6380200,6380200,IHQCANC,47.6/100,,,,adult,2026-04-11 12:35:56.196221
125,ChristianaCare Hospitals,6310120,6310120,IHQCANC,47.5/100,,,,adult,2026-04-11 12:35:56.196221
126,Northwestern Medicine Lake Forest Hospital,6432060,6432060,IHQCANC,47.3/100,,,,adult,2026-04-11 12:35:56.196221
127,University of Illinois Hospital,6430553,6430553,IHQCANC,47.1/100,,,,adult,2026-04-11 12:35:56.196221
128,Kaiser Permanente Anaheim and Irvine Medical Centers,6930075,6930075,IHQCANC,46.9/100,,,,adult,2026-04-11 12:35:56.196221
129,Cleveland Clinic Hillcrest Hospital,6410945,6410945,IHQCANC,46.7/100,,,,adult,2026-04-11 12:35:56.196221
130,Corewell Health Grand Rapids Hospitals-Blodgett and Butterworth,6440021,6440021,IHQCANC,46.7/100,,,,adult,2026-04-11 12:35:56.196221
131,Geisinger Medical Center,6230550,6230550,IHQCANC,46.7/100,,,,adult,2026-04-11 12:35:56.196221
132,Providence Holy Cross Medical Center,6932860,6932860,IHQCANC,46.6/100,,,,adult,2026-04-11 12:35:56.196221
133,John Muir Health-Walnut Creek Medical Center,6933853,6933853,IHQCANC,46.5/100,,,,adult,2026-04-11 12:35:56.196221
134,Methodist Hospitals of Memphis,6520785,6520785,IHQCANC,46.5/100,,,,adult,2026-04-11 12:35:56.196221
135,Cooperman Barnabas Medical Center,6220800,6220800,IHQCANC,46.4/100,,,,adult,2026-04-11 12:35:56.196221
136,HonorHealth Scottsdale Shea Medical Center,6860395,6860395,IHQCANC,46.4/100,,,,adult,2026-04-11 12:35:56.196221
137,Virginia Mason Medical Center,6910780,6910780,IHQCANC,46.3/100,,,,adult,2026-04-11 12:35:56.196221
138,Memorial Hospital West,6390034,6390034,IHQCANC,46.2/100,,,,adult,2026-04-11 12:35:56.196221
139,Atrium Health Wake Forest Baptist Medical Center,6361700,6361700,IHQCANC,46.1/100,,,,adult,2026-04-11 12:35:56.196221
140,MemorialCare Orange Coast Medical Center,6930775,6930775,IHQCANC,46.1/100,,,,adult,2026-04-11 12:35:56.196221
141,UMass Memorial Medical Center,6141095,6141095,IHQCANC,46.1/100,,,,adult,2026-04-11 12:35:56.196221
142,Baylor Scott and White Medical Center-Temple,6743413,6743413,IHQCANC,46.0/100,,,,adult,2026-04-11 12:35:56.196221
143,Sanford USD Medical Center,6650007,6650007,IHQCANC,46.0/100,,,,adult,2026-04-11 12:35:56.196221
144,Cleveland Clinic Akron General,6410010,6410010,IHQCANC,45.9/100,,,,adult,2026-04-11 12:35:56.196221
145,California Pacific Medical Center-Van Ness Campus,6930032,6930032,IHQCANC,45.8/100,,,,adult,2026-04-11 12:35:56.196221
146,OU Health Stephenson Cancer Center,6730024,6730024,IHQCANC,45.7/100,,,,adult,2026-04-11 12:35:56.196221
147,Sharp Chula Vista Medical Center,6930405,6930405,IHQCANC,45.4/100,,,,adult,2026-04-11 12:35:56.196221
148,Advocate Trinity Hospital,6431150,6431150,IHQCANC,45.3/100,,,,adult,2026-04-11 12:35:56.196221
149,Cleveland Clinic Weston,6390205,6390205,IHQCANC,45.3/100,,,,adult,2026-04-11 12:35:56.196221
150,Saint Luke's Cancer Institute,6630470,6630470,IHQCANC,45.3/100,,,,adult,2026-04-11 12:35:56.196221
151,Lehigh Valley Hospital-Cedar Crest-Jefferson Health,6230013,6230013,IHQCANC,45.2/100,,,,adult,2026-04-11 12:35:56.196221
152,Methodist Hospital-San Antonio,6743122,6743122,IHQCANC,45.2/100,,,,adult,2026-04-11 12:35:56.196221
153,Alta Bates Summit Medical Center-Oakland,6930031,6930031,IHQCANC,45.1/100,,,,adult,2026-04-11 12:35:56.196221
154,Penn Medicine Lancaster General Hospital,6231120,6231120,IHQCANC,44.5/100,,,,adult,2026-04-11 12:35:56.196221
155,Wilmot Cancer Institute,6214330,6214330,IHQCANC,44.5/100,,,,adult,2026-04-11 12:35:56.196221
156,Overlook Medical Center Atlantic Health System,6221370,6221370,IHQCANC,44.4/100,,,,adult,2026-04-11 12:35:56.196221
157,University Health-San Antonio,6743105,6743105,IHQCANC,44.4/100,,,,adult,2026-04-11 12:35:56.196221
158,White Plains Hospital,6215330,6215330,IHQCANC,44.3/100,,,,adult,2026-04-11 12:35:56.196221
159,Baptist Health Cancer Care at South Miami Hospital,6390994,6390994,IHQCANC,44.1/100,,,,adult,2026-04-11 12:35:56.196221
160,Sutter Medical Center-Sacramento,6930073,6930073,IHQCANC,44.0/100,,,,adult,2026-04-11 12:35:56.196221
161,Houston Methodist The Woodlands Hospital,6741091,6741091,IHQCANC,43.9/100,,,,adult,2026-04-11 12:35:56.196221
162,Mount Sinai Medical Center,6390640,6390640,IHQCANC,43.9/100,,,,adult,2026-04-11 12:35:56.196221
163,Providence Portland Medical Center,6920520,6920520,IHQCANC,43.9/100,,,,adult,2026-04-11 12:35:56.196221
164,Sarasota Memorial Hospital,6390052,6390052,IHQCANC,43.8/100,,,,adult,2026-04-11 12:35:56.196221
165,Baptist Medical Center Jacksonville,6390308,6390308,IHQCANC,43.6/100,,,,adult,2026-04-11 12:35:56.196221
166,Sentara Virginia Beach General Hospital,6341162,6341162,IHQCANC,43.5/100,,,,adult,2026-04-11 12:35:56.196221
167,Brigham and Women's Faulkner Hospital,6140310,6140310,IHQCANC,43.4/100,,,,adult,2026-04-11 12:35:56.196221
168,Nebraska Methodist Hospital,6660710,6660710,IHQCANC,43.4/100,,,,adult,2026-04-11 12:35:56.196221
169,St. David's Medical Center,6740190,6740190,IHQCANC,43.3/100,,,,adult,2026-04-11 12:35:56.196221
170,Providence St. Joseph Hospital-Orange,6932300,6932300,IHQCANC,43.2/100,,,,adult,2026-04-11 12:35:56.196221
171,Piedmont Atlanta Hospital,6380180,6380180,IHQCANC,43.1/100,,,,adult,2026-04-11 12:35:56.196221
172,Carle Foundation Hospital,6433070,6433070,IHQCANC,43.0/100,,,,adult,2026-04-11 12:35:56.196221
173,Scripps Mercy Hospital,6932810,6932810,IHQCANC,43.0/100,,,,adult,2026-04-11 12:35:56.196221
174,Kaiser Permanente Fontana and Ontario Medical Centers,6930737,6930737,IHQCANC,42.9/100,,,,adult,2026-04-11 12:35:56.196221
175,UF Health Jacksonville,6390082,6390082,IHQCANC,42.9/100,,,,adult,2026-04-11 12:35:56.196221
176,University of Louisville Hospital,6510550,6510550,IHQCANC,42.9/100,,,,adult,2026-04-11 12:35:56.196221
177,Novant Health Presbyterian Medical Center,6360320,6360320,IHQCANC,42.8/100,,,,adult,2026-04-11 12:35:56.196221
178,John Muir Health-Concord Medical Center,6930480,6930480,IHQCANC,42.7/100,,,,adult,2026-04-11 12:35:56.196221
179,Maimonides Medical Center,6210747,6210747,IHQCANC,42.7/100,,,,adult,2026-04-11 12:35:56.196221
180,Staten Island University Hospital at Northwell Health,6214735,6214735,IHQCANC,42.7/100,,,,adult,2026-04-11 12:35:56.196221
181,AdventHealth Tampa,6391103,6391103,IHQCANC,42.6/100,,,,adult,2026-04-11 12:35:56.196221
182,Intermountain Health LDS Hospital,6870260,6870260,IHQCANC,42.6/100,,,,adult,2026-04-11 12:35:56.196221
183,Memorial Hermann Greater Heights Hospital,6741952,6741952,IHQCANC,42.6/100,,,,adult,2026-04-11 12:35:56.196221
184,Mercy Hospital St. Louis,6631165,6631165,IHQCANC,42.5/100,,,,adult,2026-04-11 12:35:56.196221
185,Advocate Sherman Hospital,6431610,6431610,IHQCANC,42.4/100,,,,adult,2026-04-11 12:35:56.196221
186,Duke Raleigh Hospital,6361180,6361180,IHQCANC,42.1/100,,,,adult,2026-04-11 12:35:56.196221
187,Cooper University Health Care-Camden,6220190,6220190,IHQCANC,42.0/100,,,,adult,2026-04-11 12:35:56.196221
188,St. Joseph's Hospital and Medical Center,6860280,6860280,IHQCANC,42.0/100,,,,adult,2026-04-11 12:35:56.196221
189,Swedish First Hill Hospital,6910006,6910006,IHQCANC,42.0/100,,,,adult,2026-04-11 12:35:56.196221
190,Baptist Memorial Hospital-Memphis,6520681,6520681,IHQCANC,41.9/100,,,,adult,2026-04-11 12:35:56.196221
191,Johns Hopkins Medicine-Suburban Hospital,6320350,6320350,IHQCANC,41.9/100,,,,adult,2026-04-11 12:35:56.196221
192,St. Luke's Boise Medical Center,6820050,6820050,IHQCANC,41.9/100,,,,adult,2026-04-11 12:35:56.196221
193,Corewell Health Beaumont Grosse Pointe Hospital,6441260,6441260,IHQCANC,41.8/100,,,,adult,2026-04-11 12:35:56.196221
194,Ocean University Medical Center at Hackensack Meridian Health,6221170,6221170,IHQCANC,41.8/100,,,,adult,2026-04-11 12:35:56.196221
195,Avera McKennan Hospital and University Health Center,6650420,6650420,IHQCANC,41.7/100,,,,adult,2026-04-11 12:35:56.196221
196,Mather Hospital at Northwell Health,6214050,6214050,IHQCANC,41.7/100,,,,adult,2026-04-11 12:35:56.196221
197,Cleveland Clinic Fairview Hospital,6410710,6410710,IHQCANC,41.6/100,,,,adult,2026-04-11 12:35:56.196221
198,OhioHealth Riverside Methodist Hospital,6411110,6411110,IHQCANC,41.6/100,,,,adult,2026-04-11 12:35:56.196221
199,Parkview Regional Medical Center,6429153,6429153,IHQCANC,41.6/100,,,,adult,2026-04-11 12:35:56.196221
200,Reading Hospital,6233443,6233443,IHQCANC,41.6/100,,,,adult,2026-04-11 12:35:56.196221
201,South Shore University Hospital at Northwell Health,6210280,6210280,IHQCANC,41.6/100,,,,adult,2026-04-11 12:35:56.196221
202,SSM Health St. Louis University Hospital,6631020,6631020,IHQCANC,41.6/100,,,,adult,2026-04-11 12:35:56.196221
203,Vassar Brothers Medical Center,6214140,6214140,IHQCANC,41.6/100,,,,adult,2026-04-11 12:35:56.196221
204,Adventist Health Glendale,6930831,6930831,IHQCANC,41.5/100,,,,adult,2026-04-11 12:35:56.196221
205,St. Peter's Hospital-Albany,6210070,6210070,IHQCANC,41.4/100,,,,adult,2026-04-11 12:35:56.196221
206,Upstate University Hospital,6214885,6214885,IHQCANC,41.4/100,,,,adult,2026-04-11 12:35:56.196221
207,Johns Hopkins Medicine-Sibley Memorial Hospital,6330210,6330210,IHQCANC,41.2/100,,,,adult,2026-04-11 12:35:56.196221
208,Kaiser Permanente Los Angeles Medical Center,6930051,6930051,IHQCANC,41.2/100,,,,adult,2026-04-11 12:35:56.196221
209,New York-Presbyterian Queens Hospital,6211595,6211595,IHQCANC,41.0/100,,,,adult,2026-04-11 12:35:56.196221
210,Research Medical Center,6630435,6630435,IHQCANC,41.0/100,,,,adult,2026-04-11 12:35:56.196221
211,Deaconess Hospital,6420320,6420320,IHQCANC,40.9/100,,,,adult,2026-04-11 12:35:56.196221
212,University of New Mexico Hospitals,6850037,6850037,IHQCANC,40.9/100,,,,adult,2026-04-11 12:35:56.196221
213,Allina Health Abbott Northwestern Hospital,6610815,6610815,IHQCANC,40.8/100,,,,adult,2026-04-11 12:35:56.196221
214,PIH Health Hospital-Whittier,6933885,6933885,IHQCANC,40.8/100,,,,adult,2026-04-11 12:35:56.196221
215,Grady Memorial Hospital,6380130,6380130,IHQCANC,40.7/100,,,,adult,2026-04-11 12:35:56.196221
216,Karmanos Cancer Center,6440043,6440043,IHQCANC,40.7/100,,,,adult,2026-04-11 12:35:56.196221
217,Advocate Good Shepherd Hospital,6430160,6430160,IHQCANC,40.6/100,,,,adult,2026-04-11 12:35:56.196221
218,Mayo Clinic Health System-Eau Claire,6450310,6450310,IHQCANC,40.6/100,,,,adult,2026-04-11 12:35:56.196221
219,UPMC Harrisburg,6230039,6230039,IHQCANC,40.6/100,,,,adult,2026-04-11 12:35:56.196221
220,Eisenhower Medical Center,6932324,6932324,IHQCANC,40.5/100,,,,adult,2026-04-11 12:35:56.196221
221,Inova Alexandria Hospital,6340020,6340020,IHQCANC,40.4/100,,,,adult,2026-04-11 12:35:56.196221
222,Missouri Baptist Medical Center,6631100,6631100,IHQCANC,40.4/100,,,,adult,2026-04-11 12:35:56.196221
223,Henry Ford St. John Hospital,6440805,6440805,IHQCANC,40.3/100,,,,adult,2026-04-11 12:35:56.196221
224,University of Texas Medical Branch,6741615,6741615,IHQCANC,40.3/100,,,,adult,2026-04-11 12:35:56.196221
225,Texas Health Presbyterian Hospital Plano,6740945,6740945,IHQCANC,40.0/100,,,,adult,2026-04-11 12:35:56.196221
226,Ascension Seton Medical Center Austin,6740200,6740200,IHQCANC,39.9/100,,,,adult,2026-04-11 12:35:56.196221
227,NYC Health and Hospitals-Bellevue,6212630,6212630,IHQCANC,39.9/100,,,,adult,2026-04-11 12:35:56.196221
228,Sentara Leigh Hospital,6340580,6340580,IHQCANC,39.8/100,,,,adult,2026-04-11 12:35:56.196221
229,Sharp Grossmont Hospital,6930887,6930887,IHQCANC,39.8/100,,,,adult,2026-04-11 12:35:56.196221
230,The Christ Hospital,6410430,6410430,IHQCANC,39.8/100,,,,adult,2026-04-11 12:35:56.196221
231,Emory Decatur Hospital,6380488,6380488,IHQCANC,39.7/100,,,,adult,2026-04-11 12:35:56.196221
232,Medical City Plano,6742865,6742865,IHQCANC,39.7/100,,,,adult,2026-04-11 12:35:56.196221
233,JFK University Medical Center at Hackensack Meridian Health,6220247,6220247,IHQCANC,39.6/100,,,,adult,2026-04-11 12:35:56.196221
234,AtlantiCare Regional Medical Center-Atlantic City Campus,6220040,6220040,IHQCANC,39.5/100,,,,adult,2026-04-11 12:35:56.196221
235,Baylor Scott and White Medical Center-Round Rock-Lakeway,6740381,6740381,IHQCANC,39.5/100,,,,adult,2026-04-11 12:35:56.196221
236,Advent Health Shawnee Mission,6670783,6670783,IHQCANC,39.4/100,,,,adult,2026-04-11 12:35:56.196221
237,Bon Secours St. Francis Health System-Greenville,6370330,6370330,IHQCANC,39.4/100,,,,adult,2026-04-11 12:35:56.196221
238,Providence Mission Hospital-Mission Viejo and Laguna Beach,6931915,6931915,IHQCANC,39.3/100,,,,adult,2026-04-11 12:35:56.196221
239,Providence St. Joseph Medical Center-Burbank,6930340,6930340,IHQCANC,39.3/100,,,,adult,2026-04-11 12:35:56.196221
240,Riverview Medical Center at Hackensack Meridian Health,6221220,6221220,IHQCANC,39.3/100,,,,adult,2026-04-11 12:35:56.196221
241,St. David's South Austin Medical Center,6740095,6740095,IHQCANC,39.3/100,,,,adult,2026-04-11 12:35:56.196221
242,Corewell Health Beaumont Troy Hospital,6442463,6442463,IHQCANC,39.2/100,,,,adult,2026-04-11 12:35:56.196221
243,Sutter Roseville Medical Center,6932645,6932645,IHQCANC,39.2/100,,,,adult,2026-04-11 12:35:56.196221
244,Henry Ford Macomb-Oakland Hospital-Warren Campus,6440489,6440489,IHQCANC,39.0/100,,,,adult,2026-04-11 12:35:56.196221
245,Valley Hospital,6221235,6221235,IHQCANC,38.9/100,,,,adult,2026-04-11 12:35:56.196221
246,Kaiser Permanente Santa Clara Medical Center,6933402,6933402,IHQCANC,38.8/100,,,,adult,2026-04-11 12:35:56.196221
247,Texas Health Harris Methodist Hospital Fort Worth,6741440,6741440,IHQCANC,38.8/100,,,,adult,2026-04-11 12:35:56.196221
248,Trinity Health Grand Rapids Hospital,6441210,6441210,IHQCANC,38.8/100,,,,adult,2026-04-11 12:35:56.196221
249,University of Tennessee Medical Center,6520575,6520575,IHQCANC,38.8/100,,,,adult,2026-04-11 12:35:56.196221
250,Carilion Roanoke Memorial Hospital,6341040,6341040,IHQCANC,38.7/100,,,,adult,2026-04-11 12:35:56.196221
251,Kaiser Permanente Downey Medical Center,6930243,6930243,IHQCANC,38.7/100,,,,adult,2026-04-11 12:35:56.196221
252,Mississippi Baptist Medical Center,6540007,6540007,IHQCANC,38.7/100,,,,adult,2026-04-11 12:35:56.196221
253,UChicago Medicine AdventHealth Hinsdale,6431920,6431920,IHQCANC,38.7/100,,,,adult,2026-04-11 12:35:56.196221
254,UNC Rex Hospital,6361210,6361210,IHQCANC,38.7/100,,,,adult,2026-04-11 12:35:56.196221
255,Banner Desert Medical Center,6860016,6860016,IHQCANC,38.6/100,,,,adult,2026-04-11 12:35:56.196221
256,Community Hospital-Munster,6421050,6421050,IHQCANC,38.6/100,,,,adult,2026-04-11 12:35:56.196221
257,Memorial Hermann Memorial City Medical Center,6741970,6741970,IHQCANC,38.6/100,,,,adult,2026-04-11 12:35:56.196221
258,Newton-Wellesley Hospital,6141530,6141530,IHQCANC,38.5/100,,,,adult,2026-04-11 12:35:56.196221
259,Bethesda North Hospital,6410382,6410382,IHQCANC,38.4/100,,,,adult,2026-04-11 12:35:56.196221
260,Providence St. Vincent Medical Center,6920540,6920540,IHQCANC,38.4/100,,,,adult,2026-04-11 12:35:56.196221
261,Salem Hospital,6920708,6920708,IHQCANC,38.3/100,,,,adult,2026-04-11 12:35:56.196221
262,St. Joseph's University Medical Center,6221120,6221120,IHQCANC,38.3/100,,,,adult,2026-04-11 12:35:56.196221
263,Henry Ford Providence Southfield Hospital,6440780,6440780,IHQCANC,38.2/100,,,,adult,2026-04-11 12:35:56.196221
264,"Northwestern Medicine-McHenry, Huntley, Woodstock Hospitals",6432127,6432127,IHQCANC,38.2/100,,,,adult,2026-04-11 12:35:56.196221
265,AHN Allegheny General Hospital,6230041,6230041,IHQCANC,38.1/100,,,,adult,2026-04-11 12:35:56.196221
266,CentraCare-St. Cloud Hospital,6611540,6611540,IHQCANC,38.1/100,,,,adult,2026-04-11 12:35:56.196221
267,Kaiser Permanente San Diego Zion and San Diego Medical Center,6931173,6931173,IHQCANC,38.1/100,,,,adult,2026-04-11 12:35:56.196221
268,MultiCare Tacoma General Hospital,6911018,6911018,IHQCANC,38.0/100,,,,adult,2026-04-11 12:35:56.196221
269,St. Francis Hospital-Tulsa,6731215,6731215,IHQCANC,38.0/100,,,,adult,2026-04-11 12:35:56.196221
270,AdventHealth Daytona Beach,6390727,6390727,IHQCANC,37.9/100,,,,adult,2026-04-11 12:35:56.196221
271,George Washington University Hospital,6330140,6330140,IHQCANC,37.9/100,,,,adult,2026-04-11 12:35:56.196221
272,Jefferson Abington Hospital-Jefferson Health,6230010,6230010,IHQCANC,37.9/100,,,,adult,2026-04-11 12:35:56.196221
273,Rochester General Hospital - Rochester Regional Health,6214290,6214290,IHQCANC,37.9/100,,,,adult,2026-04-11 12:35:56.196221
274,Enloe Medical Center,6930096,6930096,IHQCANC,37.8/100,,,,adult,2026-04-11 12:35:56.196221
275,St. Luke's University Hospital-Bethlehem Campus,6230049,6230049,IHQCANC,37.8/100,,,,adult,2026-04-11 12:35:56.196221
276,Edward Cancer Center,6432350,6432350,IHQCANC,37.7/100,,,,adult,2026-04-11 12:35:56.196221
277,Hollywood Presbyterian Medical Center,6931670,6931670,IHQCANC,37.7/100,,,,adult,2026-04-11 12:35:56.196221
278,Mountainside Medical Center at Hackensack Meridian Health,6220650,6220650,IHQCANC,37.7/100,,,,adult,2026-04-11 12:35:56.196221
279,Novant Health Forsyth Medical Center,6361685,6361685,IHQCANC,37.7/100,,,,adult,2026-04-11 12:35:56.196221
280,Providence Alaska Medical Center,6940020,6940020,IHQCANC,37.7/100,,,,adult,2026-04-11 12:35:56.196221
281,Corewell Health Dearborn Hospital,6440405,6440405,IHQCANC,37.5/100,,,,adult,2026-04-11 12:35:56.196221
282,Good Samaritan University Hospital,6215295,6215295,IHQCANC,37.5/100,,,,adult,2026-04-11 12:35:56.196221
283,HonorHealth Scottsdale Osborn Medical Center,6860376,6860376,IHQCANC,37.5/100,,,,adult,2026-04-11 12:35:56.196221
284,Penn Medicine Princeton Medical Center,6221190,6221190,IHQCANC,37.4/100,,,,adult,2026-04-11 12:35:56.196221
285,Advocate Condell Medical Center,6432080,6432080,IHQCANC,37.3/100,,,,adult,2026-04-11 12:35:56.196221
286,Providence St. John's Health Center,6933450,6933450,IHQCANC,37.3/100,,,,adult,2026-04-11 12:35:56.196221
287,Providence St. Peter Hospital,6910450,6910450,IHQCANC,37.3/100,,,,adult,2026-04-11 12:35:56.196221
288,University of Cincinnati Medical Center,6410435,6410435,IHQCANC,37.3/100,,,,adult,2026-04-11 12:35:56.196221
289,Jefferson Einstein Philadelphia Hospital-Jefferson Health,6231634,6231634,IHQCANC,37.2/100,,,,adult,2026-04-11 12:35:56.196221
290,Holy Name Medical Center,6221390,6221390,IHQCANC,37.1/100,,,,adult,2026-04-11 12:35:56.196221
291,M Health Fairview Southdale Hospital,6610918,6610918,IHQCANC,37.1/100,,,,adult,2026-04-11 12:35:56.196221
292,Northwestern Medicine Central DuPage Hospital,6430019,6430019,IHQCANC,37.1/100,,,,adult,2026-04-11 12:35:56.196221
293,University of Maryland St. Joseph Medical Center,6320260,6320260,IHQCANC,37.1/100,,,,adult,2026-04-11 12:35:56.196221
294,Albany Medical Center,6210030,6210030,IHQCANC,37.0/100,,,,adult,2026-04-11 12:35:56.196221
295,Geisinger Wyoming Valley Medical Center,6232725,6232725,IHQCANC,37.0/100,,,,adult,2026-04-11 12:35:56.196221
296,Intermountain Health Saint Joseph Hospital,6840400,6840400,IHQCANC,37.0/100,,,,adult,2026-04-11 12:35:56.196221
297,Jackson Health System-Miami,6390573,6390573,IHQCANC,37.0/100,,,,adult,2026-04-11 12:35:56.196221
298,MetroHealth Medical Center,6410655,6410655,IHQCANC,37.0/100,,,,adult,2026-04-11 12:35:56.196221
299,Trinity Health Ann Arbor Hospital,6440087,6440087,IHQCANC,37.0/100,,,,adult,2026-04-11 12:35:56.196221
300,CentraState Medical Center,6220322,6220322,IHQCANC,36.9/100,,,,adult,2026-04-11 12:35:56.196221
301,Sanford Medical Center Bismarck,6640020,6640020,IHQCANC,36.9/100,,,,adult,2026-04-11 12:35:56.196221
302,Cleveland Clinic Martin Health-Stuart,6391000,6391000,IHQCANC,36.8/100,,,,adult,2026-04-11 12:35:56.196221
303,HonorHealth Scottsdale Thompson Peak Medical Center,6860054,6860054,IHQCANC,36.8/100,,,,adult,2026-04-11 12:35:56.196221
304,Pali Momi Medical Center,6950001,6950001,IHQCANC,36.8/100,,,,adult,2026-04-11 12:35:56.196221
305,Wellstar Medical College of Georgia- Augusta,6380254,6380254,IHQCANC,36.8/100,,,,adult,2026-04-11 12:35:56.196221
306,Advocate Good Samaritan Hospital,6431475,6431475,IHQCANC,36.6/100,,,,adult,2026-04-11 12:35:56.196221
307,Endeavor Health Elmhurst Hospital,6431620,6431620,IHQCANC,36.6/100,,,,adult,2026-04-11 12:35:56.196221
308,Methodist Dallas Medical Center,6741018,6741018,IHQCANC,36.6/100,,,,adult,2026-04-11 12:35:56.196221
309,Prisma Health Greenville Memorial Hospital,6370323,6370323,IHQCANC,36.6/100,,,,adult,2026-04-11 12:35:56.196221
310,Covenant Medical Center-Lubbock,6742360,6742360,IHQCANC,36.5/100,,,,adult,2026-04-11 12:35:56.196221
311,Intermountain Health St. Mary's Regional Hospital,6840625,6840625,IHQCANC,36.5/100,,,,adult,2026-04-11 12:35:56.196221
312,Ochsner LSU Health Shreveport  Academic Medical Center,6720776,6720776,IHQCANC,36.5/100,,,,adult,2026-04-11 12:35:56.196221
313,Duke Regional Hospital,6360440,6360440,IHQCANC,36.4/100,,,,adult,2026-04-11 12:35:56.196221
314,ECU Health Medical Center,6360690,6360690,IHQCANC,36.4/100,,,,adult,2026-04-11 12:35:56.196221
315,Englewood Hospital,6220280,6220280,IHQCANC,36.4/100,,,,adult,2026-04-11 12:35:56.196221
316,Main Line Health Lankenau Medical Center,6231970,6231970,IHQCANC,36.4/100,,,,adult,2026-04-11 12:35:56.196221
317,Methodist Richardson Medical Center,6742911,6742911,IHQCANC,36.4/100,,,,adult,2026-04-11 12:35:56.196221
318,Community Hospital of the Monterey Peninsula,6930385,6930385,IHQCANC,36.3/100,,,,adult,2026-04-11 12:35:56.196221
319,Newark Beth Israel Medical Center,6220820,6220820,IHQCANC,36.3/100,,,,adult,2026-04-11 12:35:56.196221
320,Phelps Memorial Hospital Center at Northwell Health,6213870,6213870,IHQCANC,36.3/100,,,,adult,2026-04-11 12:35:56.196221
321,Kettering Health Main Campus,6411466,6411466,IHQCANC,36.2/100,,,,adult,2026-04-11 12:35:56.196221
322,Memorial Hospital-Belleville,6430195,6430195,IHQCANC,36.2/100,,,,adult,2026-04-11 12:35:56.196221
323,Santa Clara Valley Medical Center,6933240,6933240,IHQCANC,36.2/100,,,,adult,2026-04-11 12:35:56.196221
324,St. Peter's University Hospital,6220950,6220950,IHQCANC,36.2/100,,,,adult,2026-04-11 12:35:56.196221
325,Stamford Hospital,6160009,6160009,IHQCANC,36.1/100,,,,adult,2026-04-11 12:35:56.196221
326,St. Luke's Hospital-Chesterfield,6630075,6630075,IHQCANC,36.1/100,,,,adult,2026-04-11 12:35:56.196221
327,Garnet Health Medical Center-Middletown,6210041,6210041,IHQCANC,36.0/100,,,,adult,2026-04-11 12:35:56.196221
328,Hartford Hospital,6160003,6160003,IHQCANC,36.0/100,,,,adult,2026-04-11 12:35:56.196221
329,Jewish Hospital-Mercy Health,6419060,6419060,IHQCANC,36.0/100,,,,adult,2026-04-11 12:35:56.196221
330,Kaiser Permanente Sunnyside Medical Center,6920045,6920045,IHQCANC,36.0/100,,,,adult,2026-04-11 12:35:56.196221
331,Northwestern Medicine Palos Hospital,6431060,6431060,IHQCANC,35.9/100,,,,adult,2026-04-11 12:35:56.196221
332,UPMC Passavant,6232540,6232540,IHQCANC,35.9/100,,,,adult,2026-04-11 12:35:56.196221
333,WellStar Kennestone Hospital,6380775,6380775,IHQCANC,35.9/100,,,,adult,2026-04-11 12:35:56.196221
334,Baylor Scott and White Medical Center-Plano,6740259,6740259,IHQCANC,35.8/100,,,,adult,2026-04-11 12:35:56.196221
335,Community Regional Medical Center,6930790,6930790,IHQCANC,35.8/100,,,,adult,2026-04-11 12:35:56.196221
336,Fountain Valley Regional Hospital,6930765,6930765,IHQCANC,35.8/100,,,,adult,2026-04-11 12:35:56.196221
337,Kaiser Permanente Riverside Medical Center,6932605,6932605,IHQCANC,35.8/100,,,,adult,2026-04-11 12:35:56.196221
338,Providence St. Jude Medical Center,6930823,6930823,IHQCANC,35.8/100,,,,adult,2026-04-11 12:35:56.196221
339,Winchester Medical Center,6341200,6341200,IHQCANC,35.8/100,,,,adult,2026-04-11 12:35:56.196221
340,Northwestern Medicine Delnor Hospital,6431765,6431765,IHQCANC,35.7/100,,,,adult,2026-04-11 12:35:56.196221
341,Memorial Regional Hospital,6390295,6390295,IHQCANC,35.6/100,,,,adult,2026-04-11 12:35:56.196221
342,Broward Health Coral Springs,6390150,6390150,IHQCANC,35.4/100,,,,adult,2026-04-11 12:35:56.196221
343,Indiana University Health Bloomington Hospital,6420130,6420130,IHQCANC,35.4/100,,,,adult,2026-04-11 12:35:56.196221
344,Monmouth Medical Center-Long Branch Campus,6220560,6220560,IHQCANC,35.4/100,,,,adult,2026-04-11 12:35:56.196221
345,Sinai Hospital of Baltimore,6320280,6320280,IHQCANC,35.4/100,,,,adult,2026-04-11 12:35:56.196221
346,Adventist Health-White Memorial,6931770,6931770,IHQCANC,35.3/100,,,,adult,2026-04-11 12:35:56.196221
347,Houston Methodist West Hospital,6740878,6740878,IHQCANC,35.3/100,,,,adult,2026-04-11 12:35:56.196221
348,Mercy San Juan Medical Center,6930037,6930037,IHQCANC,35.3/100,,,,adult,2026-04-11 12:35:56.196221
349,VHC Health (Virginia Hospital Center),6340040,6340040,IHQCANC,35.3/100,,,,adult,2026-04-11 12:35:56.196221
350,AHN St. Vincent Hospital-Erie,6230780,6230780,IHQCANC,35.2/100,,,,adult,2026-04-11 12:35:56.196221
351,Cleveland Clinic Marymount Hospital,6411375,6411375,IHQCANC,35.2/100,,,,adult,2026-04-11 12:35:56.196221
352,Kaiser Permanente San Francisco Medical Center,6930015,6930015,IHQCANC,35.2/100,,,,adult,2026-04-11 12:35:56.196221
353,Las Palmas Medical Center,6741315,6741315,IHQCANC,35.2/100,,,,adult,2026-04-11 12:35:56.196221
354,Kaiser Permanente Panorama City Medical Center,6933784,6933784,IHQCANC,35.1/100,,,,adult,2026-04-11 12:35:56.196221
355,St. Anthony Hospital-Lakewood,6840385,6840385,IHQCANC,35.1/100,,,,adult,2026-04-11 12:35:56.196221
356,Bronson Methodist Hospital,6441550,6441550,IHQCANC,35.0/100,,,,adult,2026-04-11 12:35:56.196221
357,Endeavor Health Northwest Community Hospital,6432485,6432485,IHQCANC,35.0/100,,,,adult,2026-04-11 12:35:56.196221
358,Main Line Health Bryn Mawr Hospital,6230260,6230260,IHQCANC,35.0/100,,,,adult,2026-04-11 12:35:56.196221
359,Providence Little Company of Mary Medical Center Torrance,6933681,6933681,IHQCANC,35.0/100,,,,adult,2026-04-11 12:35:56.196221
360,Renown Regional Medical Center,6880130,6880130,IHQCANC,35.0/100,,,,adult,2026-04-11 12:35:56.196221
361,Santa Barbara Cottage Hospital,6933375,6933375,IHQCANC,35.0/100,,,,adult,2026-04-11 12:35:56.196221
362,Willis Knighton Proton Therapy Center,6720877,6720877,IHQCANC,35.0/100,,,,adult,2026-04-11 12:35:56.196221
363,Banner Estrella Medical Center,6860036,6860036,IHQCANC,34.9/100,,,,adult,2026-04-11 12:35:56.196221
364,Greater Baltimore Medical Center,6320125,6320125,IHQCANC,34.9/100,,,,adult,2026-04-11 12:35:56.196221
365,Northside Hospital Cherokee,6380382,6380382,IHQCANC,34.9/100,,,,adult,2026-04-11 12:35:56.196221
366,Corewell Health Farmington Hills Hospital,6441011,6441011,IHQCANC,34.8/100,,,,adult,2026-04-11 12:35:56.196221
367,Henry Ford West Bloomfield Hospital,6440049,6440049,IHQCANC,34.8/100,,,,adult,2026-04-11 12:35:56.196221
368,OSF St. Anthony Medical Center,6432800,6432800,IHQCANC,34.8/100,,,,adult,2026-04-11 12:35:56.196221
369,St. Luke's Anderson Campus,6230456,6230456,IHQCANC,34.8/100,,,,adult,2026-04-11 12:35:56.196221
370,Virtua Voorhees Hospital,6221600,6221600,IHQCANC,34.8/100,,,,adult,2026-04-11 12:35:56.196221
371,Lowell General Hospital,6140428,6140428,IHQCANC,34.7/100,,,,adult,2026-04-11 12:35:56.196221
372,Mount Sinai South Nassau Hospital,6213735,6213735,IHQCANC,34.7/100,,,,adult,2026-04-11 12:35:56.196221
373,Parkland Health-Dallas,6740950,6740950,IHQCANC,34.7/100,,,,adult,2026-04-11 12:35:56.196221
374,University of Maryland Baltimore Washington Medical Center,6320569,6320569,IHQCANC,34.7/100,,,,adult,2026-04-11 12:35:56.196221
375,Lee Memorial Hospital,6390240,6390240,IHQCANC,34.6/100,,,,adult,2026-04-11 12:35:56.196221
376,Providence Santa Rosa Memorial Hospital,6930109,6930109,IHQCANC,34.6/100,,,,adult,2026-04-11 12:35:56.196221
377,Scripps Memorial Hospital-Encinitas,6930648,6930648,IHQCANC,34.6/100,,,,adult,2026-04-11 12:35:56.196221
378,Texas Health Presbyterian Hospital Dallas,6741050,6741050,IHQCANC,34.6/100,,,,adult,2026-04-11 12:35:56.196221
379,University of Mississippi Medical Center,6540004,6540004,IHQCANC,34.6/100,,,,adult,2026-04-11 12:35:56.196221
380,Frederick Health Hospital,6320540,6320540,IHQCANC,34.5/100,,,,adult,2026-04-11 12:35:56.196221
381,Menorah Medical Center,6670020,6670020,IHQCANC,34.5/100,,,,adult,2026-04-11 12:35:56.196221
382,St. Elizabeth Healthcare Edgewood-Covington Hospitals,6510110,6510110,IHQCANC,34.5/100,,,,adult,2026-04-11 12:35:56.196221
383,Christus Mother Frances Hospital-Tyler,6743570,6743570,IHQCANC,34.4/100,,,,adult,2026-04-11 12:35:56.196221
384,Essentia Health-St. Mary's Medical Center,6610410,6610410,IHQCANC,34.4/100,,,,adult,2026-04-11 12:35:56.196221
385,Mary Washington Hospital,6340290,6340290,IHQCANC,34.4/100,,,,adult,2026-04-11 12:35:56.196221
386,Straub Medical Center,6950405,6950405,IHQCANC,34.3/100,,,,adult,2026-04-11 12:35:56.196221
387,Summa Health-Akron Campus,6410012,6410012,IHQCANC,34.3/100,,,,adult,2026-04-11 12:35:56.196221
388,TidalHealth Peninsula Regional,6320785,6320785,IHQCANC,34.3/100,,,,adult,2026-04-11 12:35:56.196221
389,Chilton Medical Center Atlantic Health System,6221175,6221175,IHQCANC,34.2/100,,,,adult,2026-04-11 12:35:56.196221
390,Gulf Coast Medical Center,6390323,6390323,IHQCANC,34.2/100,,,,adult,2026-04-11 12:35:56.196221
391,MemorialCare Saddleback Medical Center,6930272,6930272,IHQCANC,34.2/100,,,,adult,2026-04-11 12:35:56.196221
392,Hendrick Medical Center,6740020,6740020,IHQCANC,34.1/100,,,,adult,2026-04-11 12:35:56.196221
393,Miriam Hospital,6150130,6150130,IHQCANC,34.1/100,,,,adult,2026-04-11 12:35:56.196221
394,Ochsner Lafayette General Medical Center,6720340,6720340,IHQCANC,34.1/100,,,,adult,2026-04-11 12:35:56.196221
395,Presbyterian Hospital,6850055,6850055,IHQCANC,34.1/100,,,,adult,2026-04-11 12:35:56.196221
396,Providence Cedars-Sinai Tarzana Medical Center,6933670,6933670,IHQCANC,34.1/100,,,,adult,2026-04-11 12:35:56.196221
397,Salem Hospital,6140002,6140002,IHQCANC,34.1/100,,,,adult,2026-04-11 12:35:56.196221
398,Baptist Health Floyd,6421045,6421045,IHQCANC,34.0/100,,,,adult,2026-04-11 12:35:56.196221
399,Dell Seton Medical Center at The University of Texas,6741110,6741110,IHQCANC,34.0/100,,,,adult,2026-04-11 12:35:56.196221
400,Mills-Peninsula Medical Center,6930315,6930315,IHQCANC,34.0/100,,,,adult,2026-04-11 12:35:56.196221
401,Stormont Vail Hospital,6671025,6671025,IHQCANC,34.0/100,,,,adult,2026-04-11 12:35:56.196221
402,Ascension St. Alexius Hospital,6431926,6431926,IHQCANC,33.9/100,,,,adult,2026-04-11 12:35:56.196221
403,HCA HealthONE Swedish Medical Center,6840530,6840530,IHQCANC,33.9/100,,,,adult,2026-04-11 12:35:56.196221
404,Piedmont Athens Regional Medical Center,6380040,6380040,IHQCANC,33.9/100,,,,adult,2026-04-11 12:35:56.196221
405,Roper Hospital,6370090,6370090,IHQCANC,33.9/100,,,,adult,2026-04-11 12:35:56.196221
406,AnMed Medical Center,6370030,6370030,IHQCANC,33.8/100,,,,adult,2026-04-11 12:35:56.196221
407,Overlake Medical Center & Clinics,6910060,6910060,IHQCANC,33.8/100,,,,adult,2026-04-11 12:35:56.196221
408,UPMC Hamot,6230760,6230760,IHQCANC,33.8/100,,,,adult,2026-04-11 12:35:56.196221
409,Northern Westchester Hospital at Northwell Health,6212500,6212500,IHQCANC,33.7/100,,,,adult,2026-04-11 12:35:56.196221
410,University of Vermont Medical Center,6130001,6130001,IHQCANC,33.7/100,,,,adult,2026-04-11 12:35:56.196221
411,UPMC St. Margaret,6232610,6232610,IHQCANC,33.7/100,,,,adult,2026-04-11 12:35:56.196221
412,CHI St. Vincent Hot Springs Hospital,6710300,6710300,IHQCANC,33.5/100,,,,adult,2026-04-11 12:35:56.196221
413,Miami Valley Hospital,6411190,6411190,IHQCANC,33.5/100,,,,adult,2026-04-11 12:35:56.196221
414,Norton Hospitals,6510488,6510488,IHQCANC,33.5/100,,,,adult,2026-04-11 12:35:56.196221
415,Riverside Community Hospital,6932585,6932585,IHQCANC,33.5/100,,,,adult,2026-04-11 12:35:56.196221
416,Baystate Medical Center,6141955,6141955,IHQCANC,33.4/100,,,,adult,2026-04-11 12:35:56.196221
417,Auxilio Mutuo Hospital,6040155,6040155,IHQCANC,33.3/100,,,,adult,2026-04-11 12:35:56.196221
418,Intermountain Health St George Regional Hospital,6870245,6870245,IHQCANC,33.3/100,,,,adult,2026-04-11 12:35:56.196221
419,Penn Medicine Chester County Hospital,6233400,6233400,IHQCANC,33.3/100,,,,adult,2026-04-11 12:35:56.196221
420,South Shore Hospital-South Weymouth,6141900,6141900,IHQCANC,33.3/100,,,,adult,2026-04-11 12:35:56.196221
421,William W. Backus Hospital,6160560,6160560,IHQCANC,33.3/100,,,,adult,2026-04-11 12:35:56.196221
422,Banner Del E. Webb Medical Center,6860430,6860430,IHQCANC,33.2/100,,,,adult,2026-04-11 12:35:56.196221
423,Baptist Health Medical Center-Little Rock,6710335,6710335,IHQCANC,33.2/100,,,,adult,2026-04-11 12:35:56.196221
424,MedStar Franklin Square Medical Center,6320120,6320120,IHQCANC,33.2/100,,,,adult,2026-04-11 12:35:56.196221
425,OSF Healthcare St. Francis Medical Center,6432620,6432620,IHQCANC,33.2/100,,,,adult,2026-04-11 12:35:56.196221
426,St. Joseph's Hospital-Tampa,6390053,6390053,IHQCANC,33.2/100,,,,adult,2026-04-11 12:35:56.196221
427,University Medical Center-Lubbock,6742372,6742372,IHQCANC,33.2/100,,,,adult,2026-04-11 12:35:56.196221
428,Banner Boswell Medical Center,6860378,6860378,IHQCANC,33.1/100,,,,adult,2026-04-11 12:35:56.196221
429,CHI Memorial Hospital,6520019,6520019,IHQCANC,33.1/100,,,,adult,2026-04-11 12:35:56.196221
430,Clara Maass Medical Center,6220758,6220758,IHQCANC,33.1/100,,,,adult,2026-04-11 12:35:56.196221
431,Intermountain Health Intermountain Medical Center,6870141,6870141,IHQCANC,33.1/100,,,,adult,2026-04-11 12:35:56.196221
432,Main Line Health Paoli Hospital,6233430,6233430,IHQCANC,33.1/100,,,,adult,2026-04-11 12:35:56.196221
433,Intermountain Health Utah Valley Hospital,6870220,6870220,IHQCANC,33.0/100,,,,adult,2026-04-11 12:35:56.196221
434,Texoma Medical Center,6741135,6741135,IHQCANC,33.0/100,,,,adult,2026-04-11 12:35:56.196221
435,UCHealth Medical Center of the Rockies,6840033,6840033,IHQCANC,33.0/100,,,,adult,2026-04-11 12:35:56.196221
436,University of Michigan Health-Sparrow,6441595,6441595,IHQCANC,33.0/100,,,,adult,2026-04-11 12:35:56.196221
437,Banner Thunderbird Medical Center,6860013,6860013,IHQCANC,32.9/100,,,,adult,2026-04-11 12:35:56.196221
438,Bridgeport Hospital,6160002,6160002,IHQCANC,32.9/100,,,,adult,2026-04-11 12:35:56.196221
439,Centra Lynchburg General Hospital,6340013,6340013,IHQCANC,32.9/100,,,,adult,2026-04-11 12:35:56.196221
440,Intermountain Health St. Vincent Regional Hospital,6810030,6810030,IHQCANC,32.9/100,,,,adult,2026-04-11 12:35:56.196221
441,Providence Regional Medical Center Everett,6910004,6910004,IHQCANC,32.9/100,,,,adult,2026-04-11 12:35:56.196221
442,Baptist Medical Center,6740415,6740415,IHQCANC,32.8/100,,,,adult,2026-04-11 12:35:56.196221
443,Johns Hopkins Bayview Medical Center,6320050,6320050,IHQCANC,32.8/100,,,,adult,2026-04-11 12:35:56.196221
444,Ascension Saint Thomas Hospital,6521040,6521040,IHQCANC,32.7/100,,,,adult,2026-04-11 12:35:56.196221
445,Kaiser Permanente Sacramento Medical Center,6932662,6932662,IHQCANC,32.7/100,,,,adult,2026-04-11 12:35:56.196221
446,Northside Hospital Gwinnett,6380325,6380325,IHQCANC,32.7/100,,,,adult,2026-04-11 12:35:56.196221
447,WellSpan York Hospital,6233550,6233550,IHQCANC,32.7/100,,,,adult,2026-04-11 12:35:56.196221
448,AdventHealth Fish Memorial,6390046,6390046,IHQCANC,32.6/100,,,,adult,2026-04-11 12:35:56.196221
449,Cape Fear Valley Medical Center,6360023,6360023,IHQCANC,32.6/100,,,,adult,2026-04-11 12:35:56.196221
450,Holy Cross Health-Fort Lauderdale,6390230,6390230,IHQCANC,32.6/100,,,,adult,2026-04-11 12:35:56.196221
451,Texas Health Harris Methodist Hospital Hurst-Euless-Bedford,6740280,6740280,IHQCANC,32.6/100,,,,adult,2026-04-11 12:35:56.196221
452,Capital Health Medical Center-Hopewell,6221430,6221430,IHQCANC,32.5/100,,,,adult,2026-04-11 12:35:56.196221
453,Creighton University Medical Center-Bergan Mercy,6660720,6660720,IHQCANC,32.5/100,,,,adult,2026-04-11 12:35:56.196221
454,Henry Ford Rochester Hospital,6442198,6442198,IHQCANC,32.4/100,,,,adult,2026-04-11 12:35:56.196221
455,Christian Hospital,6630185,6630185,IHQCANC,32.3/100,,,,adult,2026-04-11 12:35:56.196221
456,Lynn Cancer Institute at Boca Raton Regional Hospital,6390038,6390038,IHQCANC,32.3/100,,,,adult,2026-04-11 12:35:56.196221
457,Mosaic Life Care-St. Joseph,6630009,6630009,IHQCANC,32.3/100,,,,adult,2026-04-11 12:35:56.196221
458,Mount Carmel East Hospital,6418083,6418083,IHQCANC,32.3/100,,,,adult,2026-04-11 12:35:56.196221
459,Baptist Health Lexington,6510407,6510407,IHQCANC,32.2/100,,,,adult,2026-04-11 12:35:56.196221
460,Baylor Scott and White Medical Center-Grapevine,6741739,6741739,IHQCANC,32.1/100,,,,adult,2026-04-11 12:35:56.196221
461,Boone Hospital Center,6630130,6630130,IHQCANC,32.1/100,,,,adult,2026-04-11 12:35:56.196221
462,Chippenham and Johnston-Willis Hospitals,6340009,6340009,IHQCANC,32.1/100,,,,adult,2026-04-11 12:35:56.196221
463,Henrico Doctors' Hospitals,6340012,6340012,IHQCANC,32.1/100,,,,adult,2026-04-11 12:35:56.196221
464,MarinHealth Medical Center,6933370,6933370,IHQCANC,32.1/100,,,,adult,2026-04-11 12:35:56.196221
465,Mercy Medical Center-Baltimore,6320220,6320220,IHQCANC,31.9/100,,,,adult,2026-04-11 12:35:56.196221
466,"Southcoast Hospitals-Fall River, New Bedford and Wareham",6140016,6140016,IHQCANC,31.9/100,,,,adult,2026-04-11 12:35:56.196221
467,St. Joseph Hospital-Lexington,6510440,6510440,IHQCANC,31.9/100,,,,adult,2026-04-11 12:35:56.196221
468,Henry Ford Jackson Hospital,6441500,6441500,IHQCANC,31.8/100,,,,adult,2026-04-11 12:35:56.196221
469,"Jefferson Washington Township, Cherry Hill and Stratford Hospitals-Jefferson Health",6221345,6221345,IHQCANC,31.8/100,,,,adult,2026-04-11 12:35:56.196221
470,Mercy Hospital Springfield,6631350,6631350,IHQCANC,31.8/100,,,,adult,2026-04-11 12:35:56.196221
471,University Medical Center-New Orleans,6720027,6720027,IHQCANC,31.8/100,,,,adult,2026-04-11 12:35:56.196221
472,Community Medical Center-Toms River,6221395,6221395,IHQCANC,31.7/100,,,,adult,2026-04-11 12:35:56.196221
473,Mercy Health-Fairfield Hospital,6410855,6410855,IHQCANC,31.7/100,,,,adult,2026-04-11 12:35:56.196221
474,ProMedica Toledo Hospital,6412180,6412180,IHQCANC,31.7/100,,,,adult,2026-04-11 12:35:56.196221
475,Providence St. Patrick Hospital,6810430,6810430,IHQCANC,31.7/100,,,,adult,2026-04-11 12:35:56.196221
476,UofL Health–Frazier Rehabilitation Institute,6510510,6510510,IHQCANC,31.7/100,,,,adult,2026-04-11 12:35:56.196221
477,Eastern Maine Medical Center,6110050,6110050,IHQCANC,31.6/100,,,,adult,2026-04-11 12:35:56.196221
478,Hospitals of Providence Memorial Campus-Tenet Healthcare,6741290,6741290,IHQCANC,31.6/100,,,,adult,2026-04-11 12:35:56.196221
479,MUSC Health Florence Medical Center,6370011,6370011,IHQCANC,31.6/100,,,,adult,2026-04-11 12:35:56.196221
480,UCHealth Memorial Hospital,6840190,6840190,IHQCANC,31.6/100,,,,adult,2026-04-11 12:35:56.196221
481,Allina Health Mercy Hospital-Coon Rapids,6610085,6610085,IHQCANC,31.5/100,,,,adult,2026-04-11 12:35:56.196221
482,Candler Hospital,6381080,6381080,IHQCANC,31.5/100,,,,adult,2026-04-11 12:35:56.196221
483,HCA HealthONE Sky Ridge,6840023,6840023,IHQCANC,31.4/100,,,,adult,2026-04-11 12:35:56.196221
484,Hillcrest Medical Center,6731180,6731180,IHQCANC,31.4/100,,,,adult,2026-04-11 12:35:56.196221
485,Kaiser Permanente South Bay Medical Center,6930925,6930925,IHQCANC,31.4/100,,,,adult,2026-04-11 12:35:56.196221
486,St. Agnes Medical Center,6930810,6930810,IHQCANC,31.4/100,,,,adult,2026-04-11 12:35:56.196221
487,UPMC Magee-Womens Hospital,6232460,6232460,IHQCANC,31.4/100,,,,adult,2026-04-11 12:35:56.196221
488,HCA Florida North Florida Hospital,6390225,6390225,IHQCANC,31.2/100,,,,adult,2026-04-11 12:35:56.196221
489,M Health Fairview St. John's Hospital,6610820,6610820,IHQCANC,31.2/100,,,,adult,2026-04-11 12:35:56.196221
490,NKC Health Hospital,6630785,6630785,IHQCANC,31.2/100,,,,adult,2026-04-11 12:35:56.196221
491,Lakeland Regional Health Medical Center,6390470,6390470,IHQCANC,31.1/100,,,,adult,2026-04-11 12:35:56.196221
492,St. Joseph's Medical Center-Stockton,6933620,6933620,IHQCANC,31.1/100,,,,adult,2026-04-11 12:35:56.196221
493,The Brooklyn Hospital Center,6210545,6210545,IHQCANC,31.1/100,,,,adult,2026-04-11 12:35:56.196221
494,Lexington Medical Center,6370671,6370671,IHQCANC,31.0/100,,,,adult,2026-04-11 12:35:56.196221
495,Morton Plant Hospital,6390090,6390090,IHQCANC,31.0/100,,,,adult,2026-04-11 12:35:56.196221
496,Covenant Health Parkwest,6520530,6520530,IHQCANC,30.9/100,,,,adult,2026-04-11 12:35:56.196221
497,Doctors Medical Center of Modesto,6930016,6930016,IHQCANC,30.9/100,,,,adult,2026-04-11 12:35:56.196221
498,Kaiser Permanente Oakland and Richmond Medical Centers,6930067,6930067,IHQCANC,30.9/100,,,,adult,2026-04-11 12:35:56.196221
499,WakeMed Raleigh Campus,6360001,6360001,IHQCANC,30.9/100,,,,adult,2026-04-11 12:35:56.196221
500,Aurora BayCare Medical Center,6450021,6450021,IHQCANC,30.8/100,,,,adult,2026-04-11 12:35:56.196221
501,East Jefferson General Hospital,6720418,6720418,IHQCANC,30.8/100,,,,adult,2026-04-11 12:35:56.196221
502,St. David's North Austin Medical Center,6740093,6740093,IHQCANC,30.7/100,,,,adult,2026-04-11 12:35:56.196221
503,Common Spirit-Penrose Hospital,6840002,6840002,IHQCANC,30.6/100,,,,adult,2026-04-11 12:35:56.196221
504,Rhode Island Hospital,6150150,6150150,IHQCANC,30.6/100,,,,adult,2026-04-11 12:35:56.196221
505,Camden Clark Medical Center,6350600,6350600,IHQCANC,30.5/100,,,,adult,2026-04-11 12:35:56.196221
506,Chandler Regional Medical Center,6860028,6860028,IHQCANC,30.5/100,,,,adult,2026-04-11 12:35:56.196221
507,El Camino Health-Mountain View,6931392,6931392,IHQCANC,30.5/100,,,,adult,2026-04-11 12:35:56.196221
508,Health First Holmes Regional Medical Center,6390530,6390530,IHQCANC,30.5/100,,,,adult,2026-04-11 12:35:56.196221
509,Maine Medical Center,6110430,6110430,IHQCANC,30.5/100,,,,adult,2026-04-11 12:35:56.196221
510,OhioHealth Grant Medical Center,6411010,6411010,IHQCANC,30.5/100,,,,adult,2026-04-11 12:35:56.196221
511,St. Tammany Health System-Main Campus,6720185,6720185,IHQCANC,30.5/100,,,,adult,2026-04-11 12:35:56.196221
512,UW Health SwedishAmerican Hospital,6432810,6432810,IHQCANC,30.5/100,,,,adult,2026-04-11 12:35:56.196221
513,Doctors Hospital at Renaissance,6740232,6740232,IHQCANC,30.4/100,,,,adult,2026-04-11 12:35:56.196221
514,Moses H. Cone Memorial Hospital,6360002,6360002,IHQCANC,30.4/100,,,,adult,2026-04-11 12:35:56.196221
515,University Hospital-Newark,6220785,6220785,IHQCANC,30.4/100,,,,adult,2026-04-11 12:35:56.196221
516,Ascension Alexian Brothers Hospital,6431613,6431613,IHQCANC,30.3/100,,,,adult,2026-04-11 12:35:56.196221
517,HCA Houston Healthcare Clear Lake,6740149,6740149,IHQCANC,30.3/100,,,,adult,2026-04-11 12:35:56.196221
518,Memorial Medical Center-Modesto,6931929,6931929,IHQCANC,30.3/100,,,,adult,2026-04-11 12:35:56.196221
519,Mercy General Hospital,6932670,6932670,IHQCANC,30.3/100,,,,adult,2026-04-11 12:35:56.196221
520,Silver Cross Hospital,6432000,6432000,IHQCANC,30.3/100,,,,adult,2026-04-11 12:35:56.196221
521,University of Missouri Health Care-Columbia,6630150,6630150,IHQCANC,30.3/100,,,,adult,2026-04-11 12:35:56.196221
522,Atrium Health-Cabarrus,6360360,6360360,IHQCANC,30.2/100,,,,adult,2026-04-11 12:35:56.196221
523,Main Line Health Riddle Hospital,6231375,6231375,IHQCANC,30.1/100,,,,adult,2026-04-11 12:35:56.196221
524,Medical City Fort Worth Hospital,6741450,6741450,IHQCANC,30.1/100,,,,adult,2026-04-11 12:35:56.196221
525,AdventHealth Waterman,6390190,6390190,IHQCANC,30.0/100,,,,adult,2026-04-11 12:35:56.196221
526,Ascension St. Vincent Hospital,6420715,6420715,IHQCANC,30.0/100,,,,adult,2026-04-11 12:35:56.196221
527,Legacy Good Samaritan Medical Center,6920418,6920418,IHQCANC,30.0/100,,,,adult,2026-04-11 12:35:56.196221
528,Mease Countryside Hospital,6390160,6390160,IHQCANC,30.0/100,,,,adult,2026-04-11 12:35:56.196221
529,Mobile Infirmary Medical Center,6530006,6530006,IHQCANC,30.0/100,,,,adult,2026-04-11 12:35:56.196221
530,Parkview Medical Center,6840850,6840850,IHQCANC,30.0/100,,,,adult,2026-04-11 12:35:56.196221
531,St. Anthony's Hospital,6390940,6390940,IHQCANC,30.0/100,,,,adult,2026-04-11 12:35:56.196221
532,Henry Ford Macomb Hospitals,6441830,6441830,IHQCANC,29.9/100,,,,adult,2026-04-11 12:35:56.196221
533,Kaiser Permanente Moanalua Medical Center,6950330,6950330,IHQCANC,29.9/100,,,,adult,2026-04-11 12:35:56.196221
534,McLeod Regional Medical Center,6370009,6370009,IHQCANC,29.9/100,,,,adult,2026-04-11 12:35:56.196221
535,PeaceHealth St. Joseph Medical Center,6910001,6910001,IHQCANC,29.9/100,,,,adult,2026-04-11 12:35:56.196221
536,Covenant Healthcare-Saginaw,6440023,6440023,IHQCANC,29.8/100,,,,adult,2026-04-11 12:35:56.196221
537,United Hospital Center,6350220,6350220,IHQCANC,29.8/100,,,,adult,2026-04-11 12:35:56.196221
538,Flagstaff Medical Center,6860021,6860021,IHQCANC,29.7/100,,,,adult,2026-04-11 12:35:56.196221
539,Mount Carmel St. Ann's Hospital,6411060,6411060,IHQCANC,29.7/100,,,,adult,2026-04-11 12:35:56.196221
540,UPMC Mercy,6232510,6232510,IHQCANC,29.7/100,,,,adult,2026-04-11 12:35:56.196221
541,WellStar Cobb Hospital,6380285,6380285,IHQCANC,29.7/100,,,,adult,2026-04-11 12:35:56.196221
542,Baptist Medical Center Beaches,6390411,6390411,IHQCANC,29.6/100,,,,adult,2026-04-11 12:35:56.196221
543,"Bayhealth Hospital, Kent Campus",6310007,6310007,IHQCANC,29.6/100,,,,adult,2026-04-11 12:35:56.196221
544,UConn John Dempsey Hospital,6160215,6160215,IHQCANC,29.6/100,,,,adult,2026-04-11 12:35:56.196221
545,Westchester Medical Center,6215150,6215150,IHQCANC,29.6/100,,,,adult,2026-04-11 12:35:56.196221
546,St. Mary's Medical Center-Huntington,6350400,6350400,IHQCANC,29.5/100,,,,adult,2026-04-11 12:35:56.196221
547,USA Health University Hospital,6530600,6530600,IHQCANC,29.5/100,,,,adult,2026-04-11 12:35:56.196221
548,AHN Forbes Hospital,6232551,6232551,IHQCANC,29.4/100,,,,adult,2026-04-11 12:35:56.196221
549,Cape Coral Hospital,6390068,6390068,IHQCANC,29.4/100,,,,adult,2026-04-11 12:35:56.196221
550,Ascension Via Christi Hospital Wichita,6670017,6670017,IHQCANC,29.3/100,,,,adult,2026-04-11 12:35:56.196221
551,Clovis Community Medical Center,6939111,6939111,IHQCANC,29.3/100,,,,adult,2026-04-11 12:35:56.196221
552,Kaiser Permanente South Sacramento Medical Center,6932673,6932673,IHQCANC,29.3/100,,,,adult,2026-04-11 12:35:56.196221
553,Springfield Memorial Hospital,6432950,6432950,IHQCANC,29.3/100,,,,adult,2026-04-11 12:35:56.196221
554,Tallahassee Memorial Healthcare,6391030,6391030,IHQCANC,29.3/100,,,,adult,2026-04-11 12:35:56.196221
555,UnityPoint Health-Iowa Methodist Medical Center,6620420,6620420,IHQCANC,29.3/100,,,,adult,2026-04-11 12:35:56.196221
556,UnityPoint Health-St. Luke's Hospital,6620180,6620180,IHQCANC,29.3/100,,,,adult,2026-04-11 12:35:56.196221
557,Covenant Health Fort Sanders Regional Medical Center,6520510,6520510,IHQCANC,29.2/100,,,,adult,2026-04-11 12:35:56.196221
558,Genesis Healthcare System-Zanesville,6410020,6410020,IHQCANC,29.2/100,,,,adult,2026-04-11 12:35:56.196221
559,Jackson Hospital and Clinic,6530695,6530695,IHQCANC,29.2/100,,,,adult,2026-04-11 12:35:56.196221
560,Providence Sacred Heart Medical Center and Children's Hospital,6910980,6910980,IHQCANC,29.2/100,,,,adult,2026-04-11 12:35:56.196221
561,St. Luke's East Hospital,6630029,6630029,IHQCANC,29.2/100,,,,adult,2026-04-11 12:35:56.196221
562,TMC Healthcare-Tucson,6860020,6860020,IHQCANC,29.2/100,,,,adult,2026-04-11 12:35:56.196221
563,Virtua Mount Holly Hospital,6220730,6220730,IHQCANC,29.2/100,,,,adult,2026-04-11 12:35:56.196221
564,Cleveland Clinic Indian River Hospital,6391120,6391120,IHQCANC,29.1/100,,,,adult,2026-04-11 12:35:56.196221
565,Grandview Medical Center-Birmingham,6530161,6530161,IHQCANC,29.1/100,,,,adult,2026-04-11 12:35:56.196221
566,Trinity Health Oakland Hospital,6442140,6442140,IHQCANC,29.1/100,,,,adult,2026-04-11 12:35:56.196221
567,Cabell Huntington Hospital,6350345,6350345,IHQCANC,28.9/100,,,,adult,2026-04-11 12:35:56.196221
568,St. Mary Medical Center-Hobart,6420565,6420565,IHQCANC,28.9/100,,,,adult,2026-04-11 12:35:56.196221
569,Virtua Our Lady of Lourdes Hospital,6220200,6220200,IHQCANC,28.9/100,,,,adult,2026-04-11 12:35:56.196221
570,MercyOne Des Moines Medical Center,6620003,6620003,IHQCANC,28.8/100,,,,adult,2026-04-11 12:35:56.196221
571,Piedmont Augusta Hospital,6380270,6380270,IHQCANC,28.8/100,,,,adult,2026-04-11 12:35:56.196221
572,San Antonio Regional Hospital,6933750,6933750,IHQCANC,28.8/100,,,,adult,2026-04-11 12:35:56.196221
573,Shannon Medical Center,6740129,6740129,IHQCANC,28.8/100,,,,adult,2026-04-11 12:35:56.196221
574,Texas Health Huguley Hospital Fort Worth South,6742110,6742110,IHQCANC,28.8/100,,,,adult,2026-04-11 12:35:56.196221
575,Virginia Mason Franciscan Health-St. Michael Medical Center,6910115,6910115,IHQCANC,28.8/100,,,,adult,2026-04-11 12:35:56.196221
576,Garfield Medical Center,6932030,6932030,IHQCANC,28.7/100,,,,adult,2026-04-11 12:35:56.196221
577,Munson Medical Center,6440013,6440013,IHQCANC,28.7/100,,,,adult,2026-04-11 12:35:56.196221
578,Texas Health Arlington Memorial Hospital,6740108,6740108,IHQCANC,28.7/100,,,,adult,2026-04-11 12:35:56.196221
579,CoxHealth Springfield,6631320,6631320,IHQCANC,28.6/100,,,,adult,2026-04-11 12:35:56.196221
580,Intermountain Health Good Samaritan Hospital,6840021,6840021,IHQCANC,28.6/100,,,,adult,2026-04-11 12:35:56.196221
581,Marshfield Medical Center,6450860,6450860,IHQCANC,28.6/100,,,,adult,2026-04-11 12:35:56.196221
582,Aspirus Wausau Hospital,6452085,6452085,IHQCANC,28.5/100,,,,adult,2026-04-11 12:35:56.196221
583,Highland Hospital,6214240,6214240,IHQCANC,28.5/100,,,,adult,2026-04-11 12:35:56.196221
584,Virginia Mason Franciscan Health-St. Joseph Medical Center,6911060,6911060,IHQCANC,28.5/100,,,,adult,2026-04-11 12:35:56.196221
585,Baton Rouge General Medical Center,6720042,6720042,IHQCANC,28.3/100,,,,adult,2026-04-11 12:35:56.196221
586,Kaiser Permanente Roseville Medical Center,6930421,6930421,IHQCANC,28.3/100,,,,adult,2026-04-11 12:35:56.196221
587,Providence Holy Family Hospital,6910894,6910894,IHQCANC,28.3/100,,,,adult,2026-04-11 12:35:56.196221
588,Touro Infirmary,6720670,6720670,IHQCANC,28.3/100,,,,adult,2026-04-11 12:35:56.196221
589,Allina Health United Hospital,6611585,6611585,IHQCANC,28.2/100,,,,adult,2026-04-11 12:35:56.196221
590,Bryan Medical Center,6660006,6660006,IHQCANC,28.2/100,,,,adult,2026-04-11 12:35:56.196221
591,Corpus Christi Medical Center,6740732,6740732,IHQCANC,28.2/100,,,,adult,2026-04-11 12:35:56.196221
592,HonorHealth John C. Lincoln Medical Center,6860253,6860253,IHQCANC,28.2/100,,,,adult,2026-04-11 12:35:56.196221
593,Methodist Hospital-Stone Oak,6740417,6740417,IHQCANC,28.2/100,,,,adult,2026-04-11 12:35:56.196221
594,Northeast Georgia Medical Center,6380019,6380019,IHQCANC,28.2/100,,,,adult,2026-04-11 12:35:56.196221
595,PeaceHealth Sacred Heart Medical Center at RiverBend,6920051,6920051,IHQCANC,28.2/100,,,,adult,2026-04-11 12:35:56.196221
596,Prisma Health Richland Hospital,6370140,6370140,IHQCANC,28.2/100,,,,adult,2026-04-11 12:35:56.196221
597,Ascension St. Vincent Evansville,6420027,6420027,IHQCANC,28.1/100,,,,adult,2026-04-11 12:35:56.196221
598,Ascension St. Vincent's Riverside Hospital,6390390,6390390,IHQCANC,28.1/100,,,,adult,2026-04-11 12:35:56.196221
599,Banner Baywood Medical Center,6860185,6860185,IHQCANC,28.1/100,,,,adult,2026-04-11 12:35:56.196221
600,HSHS St. John's Hospital,6432980,6432980,IHQCANC,28.1/100,,,,adult,2026-04-11 12:35:56.196221
601,Mercy Hospital Northwest Arkansas,6710535,6710535,IHQCANC,28.1/100,,,,adult,2026-04-11 12:35:56.196221
602,Broward Health Medical Center,6390210,6390210,IHQCANC,28.0/100,,,,adult,2026-04-11 12:35:56.196221
603,Henry Ford Genesys Hospital,6440018,6440018,IHQCANC,28.0/100,,,,adult,2026-04-11 12:35:56.196221
604,McLaren Flint Hospital,6441038,6441038,IHQCANC,28.0/100,,,,adult,2026-04-11 12:35:56.196221
605,HCA Florida Northwest Hospital,6390509,6390509,IHQCANC,27.9/100,,,,adult,2026-04-11 12:35:56.196221
606,JPS Health Network-Fort Worth,6741483,6741483,IHQCANC,27.9/100,,,,adult,2026-04-11 12:35:56.196221
607,Kadlec Regional Medical Center,6910530,6910530,IHQCANC,27.9/100,,,,adult,2026-04-11 12:35:56.196221
608,Baptist Health Louisville,6510365,6510365,IHQCANC,27.8/100,,,,adult,2026-04-11 12:35:56.196221
609,Beebe Healthcare-Lewes Campus,6310030,6310030,IHQCANC,27.8/100,,,,adult,2026-04-11 12:35:56.196221
610,Charleston Area Medical Center,6350120,6350120,IHQCANC,27.8/100,,,,adult,2026-04-11 12:35:56.196221
611,Forrest General Hospital,6540315,6540315,IHQCANC,27.8/100,,,,adult,2026-04-11 12:35:56.196221
612,HCA Florida Palms West Hospital,6390753,6390753,IHQCANC,27.8/100,,,,adult,2026-04-11 12:35:56.196221
613,Monument Health Rapid City Hospital,6650002,6650002,IHQCANC,27.8/100,,,,adult,2026-04-11 12:35:56.196221
614,Northside Hospital Forsyth,6380463,6380463,IHQCANC,27.8/100,,,,adult,2026-04-11 12:35:56.196221
615,Kaleida Health-Buffalo General Medical Center,6211025,6211025,IHQCANC,27.7/100,,,,adult,2026-04-11 12:35:56.196221
616,Baptist Medical Center South,6530705,6530705,IHQCANC,27.6/100,,,,adult,2026-04-11 12:35:56.196221
617,Baptist Memorial Hospital-North Mississippi,6540693,6540693,IHQCANC,27.6/100,,,,adult,2026-04-11 12:35:56.196221
618,CHI St. Joseph Regional Health Center,6740500,6740500,IHQCANC,27.6/100,,,,adult,2026-04-11 12:35:56.196221
619,Christus St. Michael Health System-Texarkana,6740119,6740119,IHQCANC,27.6/100,,,,adult,2026-04-11 12:35:56.196221
620,Guthrie Robert Packer Hospital,6232970,6232970,IHQCANC,27.6/100,,,,adult,2026-04-11 12:35:56.196221
621,Billings Clinic,6810020,6810020,IHQCANC,27.4/100,,,,adult,2026-04-11 12:35:56.196221
622,Erlanger Medical Center,6520065,6520065,IHQCANC,27.4/100,,,,adult,2026-04-11 12:35:56.196221
623,Mercy Hospital Oklahoma City,6730800,6730800,IHQCANC,27.4/100,,,,adult,2026-04-11 12:35:56.196221
624,Sparks Regional Medical Center,6710220,6710220,IHQCANC,27.4/100,,,,adult,2026-04-11 12:35:56.196221
625,Union Hospital-Terre Haute,6421366,6421366,IHQCANC,27.4/100,,,,adult,2026-04-11 12:35:56.196221
626,HonorHealth Deer Valley Medical Center,6860325,6860325,IHQCANC,27.3/100,,,,adult,2026-04-11 12:35:56.196221
627,Indiana University Health Arnett Hospital,6420076,6420076,IHQCANC,27.3/100,,,,adult,2026-04-11 12:35:56.196221
628,Mercy Gilbert Medical Center,6860051,6860051,IHQCANC,27.3/100,,,,adult,2026-04-11 12:35:56.196221
629,MyMichigan Medical Center Saginaw,6442290,6442290,IHQCANC,27.3/100,,,,adult,2026-04-11 12:35:56.196221
630,Our Lady of Lourdes Regional Medical Center,6720343,6720343,IHQCANC,27.3/100,,,,adult,2026-04-11 12:35:56.196221
631,St. Luke's Health-The Woodlands Hospital,6740248,6740248,IHQCANC,27.3/100,,,,adult,2026-04-11 12:35:56.196221
632,Ascension Saint Thomas Rutherford Hospital,6520920,6520920,IHQCANC,27.2/100,,,,adult,2026-04-11 12:35:56.196221
633,Community Hospital North,6420023,6420023,IHQCANC,27.2/100,,,,adult,2026-04-11 12:35:56.196221
634,Danbury Hospital,6160100,6160100,IHQCANC,27.2/100,,,,adult,2026-04-11 12:35:56.196221
635,Resurrection Medical Center,6431020,6431020,IHQCANC,27.2/100,,,,adult,2026-04-11 12:35:56.196221
636,St. Charles Medical Center,6920070,6920070,IHQCANC,27.2/100,,,,adult,2026-04-11 12:35:56.196221
637,USC Arcadia Hospital,6931630,6931630,IHQCANC,27.2/100,,,,adult,2026-04-11 12:35:56.196221
638,UT Health Tyler,6740092,6740092,IHQCANC,27.2/100,,,,adult,2026-04-11 12:35:56.196221
639,UAB St. Vincent's Birmingham,6530260,6530260,IHQCANC,27.1/100,,,,adult,2026-04-11 12:35:56.196221
640,Valley Medical Center,6910520,6910520,IHQCANC,27.1/100,,,,adult,2026-04-11 12:35:56.196221
641,Kootenai Health-Coeur D'Alene,6820111,6820111,IHQCANC,27.0/100,,,,adult,2026-04-11 12:35:56.196221
642,Bassett Medical Center,6210001,6210001,IHQCANC,26.9/100,,,,adult,2026-04-11 12:35:56.196221
643,Jupiter Medical Center,6393411,6393411,IHQCANC,26.9/100,,,,adult,2026-04-11 12:35:56.196221
644,Westside Regional Medical Center,6390180,6390180,IHQCANC,26.9/100,,,,adult,2026-04-11 12:35:56.196221
645,Centerpoint Medical Center,6630039,6630039,IHQCANC,26.8/100,,,,adult,2026-04-11 12:35:56.196221
646,Indiana University Health North Hospital,6420059,6420059,IHQCANC,26.8/100,,,,adult,2026-04-11 12:35:56.196221
647,OhioHealth Mansfield Hospital,6410016,6410016,IHQCANC,26.8/100,,,,adult,2026-04-11 12:35:56.196221
648,Spartanburg Medical Center,6370610,6370610,IHQCANC,26.8/100,,,,adult,2026-04-11 12:35:56.196221
649,Carroll Hospital,6320880,6320880,IHQCANC,26.7/100,,,,adult,2026-04-11 12:35:56.196221
650,Legacy Meridian Park Medical Center,6920805,6920805,IHQCANC,26.7/100,,,,adult,2026-04-11 12:35:56.196221
651,Prisma Health Baptist Hospital,6370190,6370190,IHQCANC,26.7/100,,,,adult,2026-04-11 12:35:56.196221
652,Ascension St. John Medical Center,6731220,6731220,IHQCANC,26.6/100,,,,adult,2026-04-11 12:35:56.196221
653,Halifax Health Medical Center of Daytona Beach,6390056,6390056,IHQCANC,26.6/100,,,,adult,2026-04-11 12:35:56.196221
654,Medical City Arlington,6740115,6740115,IHQCANC,26.6/100,,,,adult,2026-04-11 12:35:56.196221
655,Middlesex Health-Middletown,6160340,6160340,IHQCANC,26.6/100,,,,adult,2026-04-11 12:35:56.196221
656,Phoebe Putney Memorial Hospital,6380486,6380486,IHQCANC,26.6/100,,,,adult,2026-04-11 12:35:56.196221
657,Saratoga Hospital,6214520,6214520,IHQCANC,26.6/100,,,,adult,2026-04-11 12:35:56.196221
658,Atrium Health-Pineville,6360018,6360018,IHQCANC,26.5/100,,,,adult,2026-04-11 12:35:56.196221
659,Norwalk Hospital,6160530,6160530,IHQCANC,26.5/100,,,,adult,2026-04-11 12:35:56.196221
660,AHN Jefferson Hospital-Jefferson Hills,6230979,6230979,IHQCANC,26.4/100,,,,adult,2026-04-11 12:35:56.196221
661,Christus St. Vincent Regional Medical Center,6850390,6850390,IHQCANC,26.4/100,,,,adult,2026-04-11 12:35:56.196221
662,Holy Cross Hospital-Silver Spring,6320813,6320813,IHQCANC,26.4/100,,,,adult,2026-04-11 12:35:56.196221
663,Kaiser Permanente Walnut Creek Medical Center,6930068,6930068,IHQCANC,26.4/100,,,,adult,2026-04-11 12:35:56.196221
664,Unity Hospital - Rochester Regional Health,6214280,6214280,IHQCANC,26.4/100,,,,adult,2026-04-11 12:35:56.196221
665,Lutheran Hospital of Indiana,6420420,6420420,IHQCANC,26.3/100,,,,adult,2026-04-11 12:35:56.196221
666,PeaceHealth Southwest Medical Center,6911130,6911130,IHQCANC,26.3/100,,,,adult,2026-04-11 12:35:56.196221
667,SSM Health DePaul Hospital-St. Louis,6630985,6630985,IHQCANC,26.3/100,,,,adult,2026-04-11 12:35:56.196221
668,Doylestown Hospital,6230590,6230590,IHQCANC,26.2/100,,,,adult,2026-04-11 12:35:56.196221
669,Our Lady of the Lake Regional Medical Center,6720028,6720028,IHQCANC,26.1/100,,,,adult,2026-04-11 12:35:56.196221
670,Saint Mary's Regional Medical Center-Reno,6880110,6880110,IHQCANC,26.1/100,,,,adult,2026-04-11 12:35:56.196221
671,Conemaugh Memorial Medical Center,6230052,6230052,IHQCANC,26.0/100,,,,adult,2026-04-11 12:35:56.196221
672,Corewell Health Lakeland Hospitals,6440215,6440215,IHQCANC,26.0/100,,,,adult,2026-04-11 12:35:56.196221
673,NCH Baker Hospital,6390669,6390669,IHQCANC,26.0/100,,,,adult,2026-04-11 12:35:56.196221
674,St. Mary Medical Center-Langhorne,6231130,6231130,IHQCANC,26.0/100,,,,adult,2026-04-11 12:35:56.196221
675,Carson Tahoe Health-Carson City,6880025,6880025,IHQCANC,25.9/100,,,,adult,2026-04-11 12:35:56.196221
676,Owensboro Health Regional Hospital,6510003,6510003,IHQCANC,25.9/100,,,,adult,2026-04-11 12:35:56.196221
677,Beacon Kalamazoo Hospital,6440017,6440017,IHQCANC,25.8/100,,,,adult,2026-04-11 12:35:56.196221
678,Hospital of Central Connecticut,6160013,6160013,IHQCANC,25.8/100,,,,adult,2026-04-11 12:35:56.196221
679,WakeMed Cary Hospital,636118A,636118A,IHQCANC,25.8/100,,,,adult,2026-04-11 12:35:56.196221
680,Geisinger Community Medical Center,6232980,6232980,IHQCANC,25.7/100,,,,adult,2026-04-11 12:35:56.196221
681,TriStar Centennial Medical Center,6520002,6520002,IHQCANC,25.7/100,,,,adult,2026-04-11 12:35:56.196221
682,Cape Cod Hospital,6141130,6141130,IHQCANC,25.6/100,,,,adult,2026-04-11 12:35:56.196221
683,Olathe Medical Center,6670758,6670758,IHQCANC,25.6/100,,,,adult,2026-04-11 12:35:56.196221
684,SSM Health St. Mary's Hospital-St. Louis,6630995,6630995,IHQCANC,25.6/100,,,,adult,2026-04-11 12:35:56.196221
685,Abrazo Arrowhead Campus,6860305,6860305,IHQCANC,25.4/100,,,,adult,2026-04-11 12:35:56.196221
686,"Jefferson Torresdale, Bucks and Frankford Hospitals-Jefferson Health",6230054,6230054,IHQCANC,25.4/100,,,,adult,2026-04-11 12:35:56.196221
687,Luminis Health Anne Arundel Medical Center,6320020,6320020,IHQCANC,25.4/100,,,,adult,2026-04-11 12:35:56.196221
688,Atrium Health Navicent Medical Center,6380730,6380730,IHQCANC,25.3/100,,,,adult,2026-04-11 12:35:56.196221
689,Los Robles Hospital and Medical Center,6933672,6933672,IHQCANC,25.3/100,,,,adult,2026-04-11 12:35:56.196221
690,Mary Greeley Medical Center,6620055,6620055,IHQCANC,25.3/100,,,,adult,2026-04-11 12:35:56.196221
691,Mercy Hospital South,6631160,6631160,IHQCANC,25.3/100,,,,adult,2026-04-11 12:35:56.196221
692,Novant Health New Hanover Regional Medical Center,6360019,6360019,IHQCANC,25.2/100,,,,adult,2026-04-11 12:35:56.196221
693,Valley Hospital Medical Center,6880073,6880073,IHQCANC,25.2/100,,,,adult,2026-04-11 12:35:56.196221
694,Grand Strand Regional Medical Center,6370477,6370477,IHQCANC,25.0/100,,,,adult,2026-04-11 12:35:56.196221
695,Asante Rogue Regional Medical Center,6920280,6920280,IHQCANC,24.9/100,,,,adult,2026-04-11 12:35:56.196221
696,Berkshire Medical Center,6141705,6141705,IHQCANC,24.9/100,,,,adult,2026-04-11 12:35:56.196221
697,Meritus Health-Hagerstown,6320580,6320580,IHQCANC,24.8/100,,,,adult,2026-04-11 12:35:56.196221
698,CHRISTUS Spohn Hospital Corpus Christi Shoreline,6740760,6740760,IHQCANC,24.7/100,,,,adult,2026-04-11 12:35:56.196221
699,Confluence Health-Central Washington Hospital,6911195,6911195,IHQCANC,24.7/100,,,,adult,2026-04-11 12:35:56.196221
700,Good Samaritan Medical Center-West Palm Beach,6391130,6391130,IHQCANC,24.7/100,,,,adult,2026-04-11 12:35:56.196221
701,Hospitals of Providence East Campus-Tenet Healthcare,6740378,6740378,IHQCANC,24.7/100,,,,adult,2026-04-11 12:35:56.196221
702,Memorial Medical Center-Las Cruces,6850285,6850285,IHQCANC,24.7/100,,,,adult,2026-04-11 12:35:56.196221
703,USA Health Providence Hospital,6530630,6530630,IHQCANC,24.7/100,,,,adult,2026-04-11 12:35:56.196221
704,St. Vincent's Medical Center,6160010,6160010,IHQCANC,24.6/100,,,,adult,2026-04-11 12:35:56.196221
705,CHI St. Vincent Infirmary,6710400,6710400,IHQCANC,24.5/100,,,,adult,2026-04-11 12:35:56.196221
706,Christus Southeast Texas Hospital-St. Elizabeth,6740258,6740258,IHQCANC,24.5/100,,,,adult,2026-04-11 12:35:56.196221
707,Kaweah Health Medical Center,6933850,6933850,IHQCANC,24.5/100,,,,adult,2026-04-11 12:35:56.196221
708,MountainView Hospital,6880007,6880007,IHQCANC,24.4/100,,,,adult,2026-04-11 12:35:56.196221
709,St. Alphonsus Regional Medical Center,6820040,6820040,IHQCANC,24.4/100,,,,adult,2026-04-11 12:35:56.196221
710,Baptist Health Cancer Care at Bethesda Hospital East & West,6390050,6390050,IHQCANC,24.3/100,,,,adult,2026-04-11 12:35:56.196221
711,Integris Baptist Medical Center,6730728,6730728,IHQCANC,24.3/100,,,,adult,2026-04-11 12:35:56.196221
712,Memorial Hospital of South Bend,6421290,6421290,IHQCANC,24.3/100,,,,adult,2026-04-11 12:35:56.196221
713,SSM Health St. Anthony Hospital-Oklahoma City,6730830,6730830,IHQCANC,24.3/100,,,,adult,2026-04-11 12:35:56.196221
714,UPMC Altoona,6230086,6230086,IHQCANC,24.3/100,,,,adult,2026-04-11 12:35:56.196221
715,Aspirus St. Luke's Hospital,6610400,6610400,IHQCANC,24.2/100,,,,adult,2026-04-11 12:35:56.196221
716,Delray Medical Center,6390081,6390081,IHQCANC,24.2/100,,,,adult,2026-04-11 12:35:56.196221
717,HCA Healthcare Trident Hospital,6370232,6370232,IHQCANC,24.2/100,,,,adult,2026-04-11 12:35:56.196221
718,UPMC Williamsport,6233500,6233500,IHQCANC,24.2/100,,,,adult,2026-04-11 12:35:56.196221
719,AdventHealth Ocala,6390670,6390670,IHQCANC,24.0/100,,,,adult,2026-04-11 12:35:56.196221
720,MultiCare Good Samaritan Hospital,6910500,6910500,IHQCANC,24.0/100,,,,adult,2026-04-11 12:35:56.196221
721,St. Dominic-Jackson Memorial Hospital,6540390,6540390,IHQCANC,23.9/100,,,,adult,2026-04-11 12:35:56.196221
722,Virginia Mason Franciscan Health-St. Anthony Hospital,6910014,6910014,IHQCANC,23.9/100,,,,adult,2026-04-11 12:35:56.196221
723,Henry Ford Wyandotte Hospital,6442520,6442520,IHQCANC,23.8/100,,,,adult,2026-04-11 12:35:56.196221
724,Saint Joseph Medical Center - Joliet,6431990,6431990,IHQCANC,23.8/100,,,,adult,2026-04-11 12:35:56.196221
725,University Medical Center-Las Vegas,6880071,6880071,IHQCANC,23.8/100,,,,adult,2026-04-11 12:35:56.196221
726,Wilkes-Barre General Hospital,6230026,6230026,IHQCANC,23.8/100,,,,adult,2026-04-11 12:35:56.196221
727,Baptist Health Hardin,6510165,6510165,IHQCANC,23.7/100,,,,adult,2026-04-11 12:35:56.196221
728,Huntsville Hospital,6530510,6530510,IHQCANC,23.7/100,,,,adult,2026-04-11 12:35:56.196221
729,Trinity Health Livonia Hospital,6441669,6441669,IHQCANC,23.7/100,,,,adult,2026-04-11 12:35:56.196221
730,CaroMont Regional Medical Center,6360580,6360580,IHQCANC,23.5/100,,,,adult,2026-04-11 12:35:56.196221
731,Reid Health-Richmond,6421190,6421190,IHQCANC,23.5/100,,,,adult,2026-04-11 12:35:56.196221
732,BSA Hospital,6740137,6740137,IHQCANC,23.4/100,,,,adult,2026-04-11 12:35:56.196221
733,Franciscan Health Indianapolis,6420029,6420029,IHQCANC,23.4/100,,,,adult,2026-04-11 12:35:56.196221
734,St. Francis Medical Center-Monroe,6720460,6720460,IHQCANC,23.4/100,,,,adult,2026-04-11 12:35:56.196221
735,University Hospitals St. John Medical Center,6419020,6419020,IHQCANC,23.4/100,,,,adult,2026-04-11 12:35:56.196221
736,Bon Secours St. Mary's Hospital,6340921,6340921,IHQCANC,23.3/100,,,,adult,2026-04-11 12:35:56.196221
737,HCA Houston Healthcare Kingwood,6740046,6740046,IHQCANC,23.3/100,,,,adult,2026-04-11 12:35:56.196221
738,Washington Regional Medical Center-Fayetteville,6710195,6710195,IHQCANC,23.3/100,,,,adult,2026-04-11 12:35:56.196221
739,Bon Secours Memorial Regional Medical Center,6340896,6340896,IHQCANC,23.2/100,,,,adult,2026-04-11 12:35:56.196221
740,Regions Hospital,6611570,6611570,IHQCANC,23.2/100,,,,adult,2026-04-11 12:35:56.196221
741,DCH Regional Medical Center,6530960,6530960,IHQCANC,23.1/100,,,,adult,2026-04-11 12:35:56.196221
742,Palomar Medical Center Escondido,6930660,6930660,IHQCANC,23.1/100,,,,adult,2026-04-11 12:35:56.196221
743,Legacy Salmon Creek Medical Center,6910013,6910013,IHQCANC,23.0/100,,,,adult,2026-04-11 12:35:56.196221
744,AdventHealth Littleton Hospital,6840805,6840805,IHQCANC,22.9/100,,,,adult,2026-04-11 12:35:56.196221
745,Crouse Hospital,6214890,6214890,IHQCANC,22.9/100,,,,adult,2026-04-11 12:35:56.196221
746,Sisters of Charity Hospital of Buffalo,6211000,6211000,IHQCANC,22.9/100,,,,adult,2026-04-11 12:35:56.196221
747,Logan Health-Kalispell,6810007,6810007,IHQCANC,22.8/100,,,,adult,2026-04-11 12:35:56.196221
748,North Memorial Health Hospital,6611455,6611455,IHQCANC,22.7/100,,,,adult,2026-04-11 12:35:56.196221
749,Baxter Health Medical Center-Mountain Home,6710482,6710482,IHQCANC,22.6/100,,,,adult,2026-04-11 12:35:56.196221
750,Jackson-Madison County General Hospital,6524010,6524010,IHQCANC,22.6/100,,,,adult,2026-04-11 12:35:56.196221
751,Southeast Health Medical Center,6530373,6530373,IHQCANC,22.6/100,,,,adult,2026-04-11 12:35:56.196221
752,Ascension SE Wisconsin Hospitals - Franklin  Elmbrook and St. Joseph,6450022,6450022,IHQCANC,22.5/100,,,,adult,2026-04-11 12:35:56.196221
753,Longview Regional Medical Center,6742335,6742335,IHQCANC,22.5/100,,,,adult,2026-04-11 12:35:56.196221
754,Brandon Regional Hospital,6390070,6390070,IHQCANC,22.4/100,,,,adult,2026-04-11 12:35:56.196221
755,Wellington Regional Medical Center,6391155,6391155,IHQCANC,22.4/100,,,,adult,2026-04-11 12:35:56.196221
756,Boston Medical Center-Brighton,6140620,6140620,IHQCANC,22.3/100,,,,adult,2026-04-11 12:35:56.196221
757,Mercy Hospital Fort Smith,6710210,6710210,IHQCANC,22.3/100,,,,adult,2026-04-11 12:35:56.196221
758,King's Daughters Medical Center-Ashland,6510040,6510040,IHQCANC,22.2/100,,,,adult,2026-04-11 12:35:56.196221
759,Trinity Health Muskegon,6440024,6440024,IHQCANC,22.1/100,,,,adult,2026-04-11 12:35:56.196221
760,TriStar Summit Medical Center,6520043,6520043,IHQCANC,22.1/100,,,,adult,2026-04-11 12:35:56.196221
761,Baptist Hospital,6390792,6390792,IHQCANC,22.0/100,,,,adult,2026-04-11 12:35:56.196221
762,Ascension Providence Hospital,6743660,6743660,IHQCANC,21.9/100,,,,adult,2026-04-11 12:35:56.196221
763,HCA Florida Bayonet Point Hospital,6390385,6390385,IHQCANC,21.9/100,,,,adult,2026-04-11 12:35:56.196221
764,Aultman Hospital,6410280,6410280,IHQCANC,21.8/100,,,,adult,2026-04-11 12:35:56.196221
765,Christus St. Frances Cabrini Hospital,6720050,6720050,IHQCANC,21.8/100,,,,adult,2026-04-11 12:35:56.196221
766,St. Mary's Hospital-Waterbury,6160740,6160740,IHQCANC,21.5/100,,,,adult,2026-04-11 12:35:56.196221
767,Bon Secours St. Francis Medical Center,6340021,6340021,IHQCANC,21.4/100,,,,adult,2026-04-11 12:35:56.196221
768,HCA Florida Trinity Hospital,6398093,6398093,IHQCANC,21.4/100,,,,adult,2026-04-11 12:35:56.196221
769,Marian Regional Medical Center,6933440,6933440,IHQCANC,21.4/100,,,,adult,2026-04-11 12:35:56.196221
770,Valley Baptist Medical Center-Harlingen,6741790,6741790,IHQCANC,21.4/100,,,,adult,2026-04-11 12:35:56.196221
771,WellSpan Chambersburg Hospital,6230360,6230360,IHQCANC,21.4/100,,,,adult,2026-04-11 12:35:56.196221
772,Baptist Health Medical Center-North Little Rock,6710497,6710497,IHQCANC,21.3/100,,,,adult,2026-04-11 12:35:56.196221
773,Mission Hospital-Asheville,6360013,6360013,IHQCANC,21.3/100,,,,adult,2026-04-11 12:35:56.196221
774,HCA Florida Mercy Hospital,6390572,6390572,IHQCANC,21.2/100,,,,adult,2026-04-11 12:35:56.196221
775,MultiCare Deaconess Hospital,6910880,6910880,IHQCANC,21.2/100,,,,adult,2026-04-11 12:35:56.196221
776,St. Rose Dominican Hospitals-Siena Campus,6880008,6880008,IHQCANC,21.1/100,,,,adult,2026-04-11 12:35:56.196221
777,Atrium Health Wake Forest Baptist-High Point Medical Center,6360780,6360780,IHQCANC,21.0/100,,,,adult,2026-04-11 12:35:56.196221
778,CarolinaEast Medical Center,6361068,6361068,IHQCANC,21.0/100,,,,adult,2026-04-11 12:35:56.196221
779,Mercy Medical Center Redding,6932520,6932520,IHQCANC,21.0/100,,,,adult,2026-04-11 12:35:56.196221
780,Community Memorial Hospital-Ventura,6930131,6930131,IHQCANC,20.8/100,,,,adult,2026-04-11 12:35:56.196221
781,Southwest Healthcare System-Murrieta,6930690,6930690,IHQCANC,20.8/100,,,,adult,2026-04-11 12:35:56.196221
782,Winter Haven Hospital,6390079,6390079,IHQCANC,20.8/100,,,,adult,2026-04-11 12:35:56.196221
783,Mercy Health-St. Elizabeth Youngstown Hospital,6412440,6412440,IHQCANC,20.7/100,,,,adult,2026-04-11 12:35:56.196221
784,Mon Health Medical Center,6350555,6350555,IHQCANC,20.7/100,,,,adult,2026-04-11 12:35:56.196221
785,AdventHealth Redmond,6380960,6380960,IHQCANC,20.5/100,,,,adult,2026-04-11 12:35:56.196221
786,Anderson Regional Medical Center,6540510,6540510,IHQCANC,20.5/100,,,,adult,2026-04-11 12:35:56.196221
787,HCA Florida Osceola Hospital,6390440,6390440,IHQCANC,20.5/100,,,,adult,2026-04-11 12:35:56.196221
788,Lovelace Medical Center,6850060,6850060,IHQCANC,20.5/100,,,,adult,2026-04-11 12:35:56.196221
789,HCA Florida Aventura Hospital,6390282,6390282,IHQCANC,20.4/100,,,,adult,2026-04-11 12:35:56.196221
790,HCA Florida Gulf Coast Hospital,6390776,6390776,IHQCANC,20.3/100,,,,adult,2026-04-11 12:35:56.196221
791,Marietta Memorial Hospital,6411630,6411630,IHQCANC,20.2/100,,,,adult,2026-04-11 12:35:56.196221
792,Mercy Health-Anderson Hospital,6410580,6410580,IHQCANC,20.2/100,,,,adult,2026-04-11 12:35:56.196221
793,Spring Valley Hospital Medical Center,6880014,6880014,IHQCANC,20.2/100,,,,adult,2026-04-11 12:35:56.196221
794,St. Francis Hospital-Memphis,6520812,6520812,IHQCANC,20.2/100,,,,adult,2026-04-11 12:35:56.196221
795,AdventHealth Zephyrhills,6390120,6390120,IHQCANC,20.0/100,,,,adult,2026-04-11 12:35:56.196221
796,Christus Health Shreveport-Bossier,6720088,6720088,IHQCANC,20.0/100,,,,adult,2026-04-11 12:35:56.196221
797,HCA Florida Kendall Hospital,6390515,6390515,IHQCANC,20.0/100,,,,adult,2026-04-11 12:35:56.196221
798,HCA Florida Oak Hill Hospital,6390997,6390997,IHQCANC,20.0/100,,,,adult,2026-04-11 12:35:56.196221
799,Freeman Health System-Joplin,6630008,6630008,IHQCANC,19.9/100,,,,adult,2026-04-11 12:35:56.196221
800,HCA Florida Fawcett Hospital,6390865,6390865,IHQCANC,19.9/100,,,,adult,2026-04-11 12:35:56.196221
801,St. Clair Hospital,6232575,6232575,IHQCANC,19.9/100,,,,adult,2026-04-11 12:35:56.196221
802,Benefis Health System-Great Falls,6810003,6810003,IHQCANC,19.7/100,,,,adult,2026-04-11 12:35:56.196221
803,Good Samaritan Regional Medical Center-Corvallis,6920110,6920110,IHQCANC,19.5/100,,,,adult,2026-04-11 12:35:56.196221
804,Lawrence and Memorial Hospital,6160480,6160480,IHQCANC,19.5/100,,,,adult,2026-04-11 12:35:56.196221
805,West Jefferson Medical Center,6720415,6720415,IHQCANC,19.5/100,,,,adult,2026-04-11 12:35:56.196221
806,Community Hospital South,6420728,6420728,IHQCANC,19.4/100,,,,adult,2026-04-11 12:35:56.196221
807,Piedmont Fayette Hospital,6380024,6380024,IHQCANC,19.4/100,,,,adult,2026-04-11 12:35:56.196221
808,Genesis Medical Center-Davenport-West Central Park,6620004,6620004,IHQCANC,19.3/100,,,,adult,2026-04-11 12:35:56.196221
809,Medical Center at Bowling Green,6510007,6510007,IHQCANC,19.3/100,,,,adult,2026-04-11 12:35:56.196221
810,Northwest Medical Center-Tucson,6864010,6864010,IHQCANC,19.2/100,,,,adult,2026-04-11 12:35:56.196221
811,MaineGeneral Medical Center,6110555,6110555,IHQCANC,19.1/100,,,,adult,2026-04-11 12:35:56.196221
812,Park Nicollet Methodist Hospital,6610840,6610840,IHQCANC,18.9/100,,,,adult,2026-04-11 12:35:56.196221
813,St. Bernards Medical Center,6710320,6710320,IHQCANC,18.9/100,,,,adult,2026-04-11 12:35:56.196221
814,St. Clare's Denville Hospital,6220105,6220105,IHQCANC,18.9/100,,,,adult,2026-04-11 12:35:56.196221
815,UAB St. Vincent's East,6530180,6530180,IHQCANC,18.9/100,,,,adult,2026-04-11 12:35:56.196221
816,Ascension Sacred Heart Pensacola Hospital,6390830,6390830,IHQCANC,18.7/100,,,,adult,2026-04-11 12:35:56.196221
817,Bellin Memorial Hospital,6450420,6450420,IHQCANC,18.6/100,,,,adult,2026-04-11 12:35:56.196221
818,Norman Regional Hospital-Norman,6730074,6730074,IHQCANC,18.6/100,,,,adult,2026-04-11 12:35:56.196221
819,St. Luke's Episcopal Hospital,6040260,6040260,IHQCANC,18.6/100,,,,adult,2026-04-11 12:35:56.196221
820,Centennial Hills Hospital Medical Center,6880039,6880039,IHQCANC,18.5/100,,,,adult,2026-04-11 12:35:56.196221
821,Sunrise Hospital and Medical Center,6880069,6880069,IHQCANC,18.5/100,,,,adult,2026-04-11 12:35:56.196221
822,Hospital HIMA San Pablo Bayamon,6040055,6040055,IHQCANC,18.4/100,,,,adult,2026-04-11 12:35:56.196221
823,Mercy Health-St. Vincent Medical Center,6412170,6412170,IHQCANC,18.4/100,,,,adult,2026-04-11 12:35:56.196221
824,Gundersen Lutheran Medical Center,6450680,6450680,IHQCANC,18.2/100,,,,adult,2026-04-11 12:35:56.196221
825,Riverside Regional Medical Center,6340520,6340520,IHQCANC,18.1/100,,,,adult,2026-04-11 12:35:56.196221
826,HCA Florida JFK Hospital,6390074,6390074,IHQCANC,18.0/100,,,,adult,2026-04-11 12:35:56.196221
827,Ascension Columbia St. Mary's Hospital-Milwaukee and Ozaukee Campuses,6450244,6450244,IHQCANC,17.8/100,,,,adult,2026-04-11 12:35:56.196221
828,UF Health The Villages Hospital,6390102,6390102,IHQCANC,17.7/100,,,,adult,2026-04-11 12:35:56.196221
829,Dominican Hospital,6930008,6930008,IHQCANC,17.5/100,,,,adult,2026-04-11 12:35:56.196221
830,Concord Hospital,6120030,6120030,IHQCANC,17.2/100,,,,adult,2026-04-11 12:35:56.196221
831,LewisGale Medical Center,6340008,6340008,IHQCANC,17.2/100,,,,adult,2026-04-11 12:35:56.196221
832,St. Vincent Hospital-Worcester,6142350,6142350,IHQCANC,17.2/100,,,,adult,2026-04-11 12:35:56.196221
833,Augusta Health-Fishersville,6340005,6340005,IHQCANC,16.7/100,,,,adult,2026-04-11 12:35:56.196221
834,Christus Good Shepherd Medical Center-Marshall,6742430,6742430,IHQCANC,16.7/100,,,,adult,2026-04-11 12:35:56.196221
835,Piedmont Columbus Regional Midtown Hospital,6380430,6380430,IHQCANC,16.7/100,,,,adult,2026-04-11 12:35:56.196221
836,HSHS St. Vincent Hospital,6450450,6450450,IHQCANC,16.2/100,,,,adult,2026-04-11 12:35:56.196221
837,SSM Health St. Mary's Hospital-Madison,6450810,6450810,IHQCANC,16.0/100,,,,adult,2026-04-11 12:35:56.196221
838,Elliot Hospital,6120240,6120240,IHQCANC,15.9/100,,,,adult,2026-04-11 12:35:56.196221
839,HCA Florida Fort Walton-Destin Hospital,6390253,6390253,IHQCANC,15.7/100,,,,adult,2026-04-11 12:35:56.196221
840,St. Joseph's Health Hospital,6214870,6214870,IHQCANC,15.7/100,,,,adult,2026-04-11 12:35:56.196221
841,Baptist Health Brookwood Hospital,6530175,6530175,IHQCANC,15.4/100,,,,adult,2026-04-11 12:35:56.196221
842,Emanate Health Queen of The Valley Hospital,6930689,6930689,IHQCANC,15.3/100,,,,adult,2026-04-11 12:35:56.196221
843,Good Samaritan Hospital-San Jose,6930076,6930076,IHQCANC,15.2/100,,,,adult,2026-04-11 12:35:56.196221
844,Mercy Health-West Hospital,6410518,6410518,IHQCANC,15.2/100,,,,adult,2026-04-11 12:35:56.196221
845,ProHealth Waukesha Memorial Hospital,6452020,6452020,IHQCANC,15.2/100,,,,adult,2026-04-11 12:35:56.196221
846,Memorial Health University Medical Center,6381027,6381027,IHQCANC,15.0/100,,,,adult,2026-04-11 12:35:56.196221
847,Southwest General Health Center,6410200,6410200,IHQCANC,15.0/100,,,,adult,2026-04-11 12:35:56.196221
848,Wesley Healthcare Center,6671170,6671170,IHQCANC,14.9/100,,,,adult,2026-04-11 12:35:56.196221
849,McLaren Bay Region Hospital,6440190,6440190,IHQCANC,14.8/100,,,,adult,2026-04-11 12:35:56.196221
850,St. Francis Hospital and Medical Center,6160004,6160004,IHQCANC,14.7/100,,,,adult,2026-04-11 12:35:56.196221
851,Maury Regional Medical Center,6520209,6520209,IHQCANC,14.6/100,,,,adult,2026-04-11 12:35:56.196221
852,Hospital HIMA San Pablo Oncológico,6040004,6040004,IHQCANC,14.3/100,,,,adult,2026-04-11 12:35:56.196221
853,Atrium Health Floyd Medical Center,6380950,6380950,IHQCANC,13.8/100,,,,adult,2026-04-11 12:35:56.196221
854,Flowers Hospital,6530350,6530350,IHQCANC,13.8/100,,,,adult,2026-04-11 12:35:56.196221
855,Flagler Hospital,6390039,6390039,IHQCANC,13.5/100,,,,adult,2026-04-11 12:35:56.196221
856,FirstHealth Moore Regional Hospital,6361150,6361150,IHQCANC,13.2/100,,,,adult,2026-04-11 12:35:56.196221
857,Manatee Memorial Hospital,6390064,6390064,IHQCANC,13.1/100,,,,adult,2026-04-11 12:35:56.196221
858,Holston Valley Medical Center,6520470,6520470,IHQCANC,12.7/100,,,,adult,2026-04-11 12:35:56.196221
859,Tennova North Knoxville Medical Center,6520047,6520047,IHQCANC,12.5/100,,,,adult,2026-04-11 12:35:56.196221
860,Regional Hospital of Scranton,6233000,6233000,IHQCANC,12.2/100,,,,adult,2026-04-11 12:35:56.196221
861,Hospital Manati Medical Center,6040007,6040007,IHQCANC,12.1/100,,,,adult,2026-04-11 12:35:56.196221
862,United Health Services Hospitals-Binghamton,6211545,6211545,IHQCANC,11.5/100,,,,adult,2026-04-11 12:35:56.196221
863,Baptist Health Princeton Hospital,6530160,6530160,IHQCANC,11.2/100,,,,adult,2026-04-11 12:35:56.196221
864,Central Maine Medical Center,6110370,6110370,IHQCANC,11.0/100,,,,adult,2026-04-11 12:35:56.196221
865,Palmetto General Hospital,6394001,6394001,IHQCANC,10.9/100,,,,adult,2026-04-11 12:35:56.196221
866,North Mississippi Medical Center-Tupelo,6540810,6540810,IHQCANC,10.5/100,,,,adult,2026-04-11 12:35:56.196221
867,Singing River Health System-Pascagoula,6540021,6540021,IHQCANC,10.1/100,,,,adult,2026-04-11 12:35:56.196221
868,ThedaCare Regional Medical Center-Appleton,6450045,6450045,IHQCANC,10.1/100,,,,adult,2026-04-11 12:35:56.196221
869,Decatur Morgan Hospital,6530011,6530011,IHQCANC,8.9/100,,,,adult,2026-04-11 12:35:56.196221
870,HCA Florida Ocala Hospital,6390680,6390680,IHQCANC,8.9/100,,,,adult,2026-04-11 12:35:56.196221
871,Christus Santa Rosa Health System-San Antonio,6743120,6743120,IHQCANC,8.8/100,,,,adult,2026-04-11 12:35:56.196221
872,McLaren Greater Lansing Hospital,6440009,6440009,IHQCANC,8.1/100,,,,adult,2026-04-11 12:35:56.196221
873,Mercy Medical Center-Springfield,6141940,6141940,IHQCANC,7.8/100,,,,adult,2026-04-11 12:35:56.196221
874,HCA Florida Citrus Hospital,6390305,6390305,IHQCANC,7.7/100,,,,adult,2026-04-11 12:35:56.196221
875,Bristol Regional Medical Center,6520040,6520040,IHQCANC,7.1/100,,,,adult,2026-04-11 12:35:56.196221
876,Ellis Hospital,6214560,6214560,IHQCANC,6.5/100,,,,adult,2026-04-11 12:35:56.196221
877,HCA Florida West Hospital,6390793,6390793,IHQCANC,5.0/100,,,,adult,2026-04-11 12:35:56.196221
878,East Alabama Medical Center,6530760,6530760,IHQCANC,0.0/100,,,,adult,2026-04-11 12:35:56.196221
